Province/State,Country/Region,Lat,Long,1/22/20,1/23/20,1/24/20,1/25/20,1/26/20,1/27/20,1/28/20,1/29/20,1/30/20,1/31/20,2/1/20,2/2/20,2/3/20,2/4/20,2/5/20,2/6/20,2/7/20,2/8/20,2/9/20,2/10/20,2/11/20,2/12/20,2/13/20,2/14/20,2/15/20,2/16/20,2/17/20,2/18/20,2/19/20,2/20/20,2/21/20,2/22/20,2/23/20,2/24/20,2/25/20,2/26/20,2/27/20,2/28/20,2/29/20,3/1/20,3/2/20,3/3/20,3/4/20,3/5/20,3/6/20,3/7/20,3/8/20,3/9/20,3/10/20,3/11/20,3/12/20,3/13/20,3/14/20,3/15/20,3/16/20,3/17/20,3/18/20,3/19/20,3/20/20,3/21/20,3/22/20,3/23/20,3/24/20,3/25/20,3/26/20
,Afghanistan,33.0,65.0,0.0,0.0,0.0,0.0,0.0,0.0,0.0,0.0,0.0,0.0,0.0,0.0,0.0,0.0,0.0,0.0,0.0,0.0,0.0,0.0,0.0,0.0,0.0,0.0,0.0,0.0,0.0,0.0,0.0,0.0,0.0,0.0,0.0,1.0,1.0,1.0,1.0,1.0,1.0,1.0,1.0,1.0,1.0,1.0,1.0,1.0,4.0,4.0,5.0,7.0,7.0,7.0,11.0,16.0,21.0,22.0,22.0,22.0,24.0,24.0,40.0,40.0,74.0,84.0,94.0
,Albania,41.1533,20.1683,0.0,0.0,0.0,0.0,0.0,0.0,0.0,0.0,0.0,0.0,0.0,0.0,0.0,0.0,0.0,0.0,0.0,0.0,0.0,0.0,0.0,0.0,0.0,0.0,0.0,0.0,0.0,0.0,0.0,0.0,0.0,0.0,0.0,0.0,0.0,0.0,0.0,0.0,0.0,0.0,0.0,0.0,0.0,0.0,0.0,0.0,0.0,2.0,10.0,12.0,23.0,33.0,38.0,42.0,51.0,55.0,59.0,64.0,70.0,76.0,89.0,104.0,123.0,146.0,174.0
,Algeria,28.0339,1.6596,0.0,0.0,0.0,0.0,0.0,0.0,0.0,0.0,0.0,0.0,0.0,0.0,0.0,0.0,0.0,0.0,0.0,0.0,0.0,0.0,0.0,0.0,0.0,0.0,0.0,0.0,0.0,0.0,0.0,0.0,0.0,0.0,0.0,0.0,1.0,1.0,1.0,1.0,1.0,1.0,3.0,5.0,12.0,12.0,17.0,17.0,19.0,20.0,20.0,20.0,24.0,26.0,37.0,48.0,54.0,60.0,74.0,87.0,90.0,139.0,201.0,230.0,264.0,302.0,367.0
,Andorra,42.5063,1.5218,0.0,0.0,0.0,0.0,0.0,0.0,0.0,0.0,0.0,0.0,0.0,0.0,0.0,0.0,0.0,0.0,0.0,0.0,0.0,0.0,0.0,0.0,0.0,0.0,0.0,0.0,0.0,0.0,0.0,0.0,0.0,0.0,0.0,0.0,0.0,0.0,0.0,0.0,0.0,0.0,1.0,1.0,1.0,1.0,1.0,1.0,1.0,1.0,1.0,1.0,1.0,1.0,1.0,1.0,2.0,39.0,39.0,53.0,75.0,88.0,113.0,133.0,164.0,188.0,224.0
,Angola,-11.2027,17.8739,0.0,0.0,0.0,0.0,0.0,0.0,0.0,0.0,0.0,0.0,0.0,0.0,0.0,0.0,0.0,0.0,0.0,0.0,0.0,0.0,0.0,0.0,0.0,0.0,0.0,0.0,0.0,0.0,0.0,0.0,0.0,0.0,0.0,0.0,0.0,0.0,0.0,0.0,0.0,0.0,0.0,0.0,0.0,0.0,0.0,0.0,0.0,0.0,0.0,0.0,0.0,0.0,0.0,0.0,0.0,0.0,0.0,0.0,1.0,2.0,2.0,3.0,3.0,3.0,4.0
,Antigua and Barbuda,17.0608,-61.7964,0.0,0.0,0.0,0.0,0.0,0.0,0.0,0.0,0.0,0.0,0.0,0.0,0.0,0.0,0.0,0.0,0.0,0.0,0.0,0.0,0.0,0.0,0.0,0.0,0.0,0.0,0.0,0.0,0.0,0.0,0.0,0.0,0.0,0.0,0.0,0.0,0.0,0.0,0.0,0.0,0.0,0.0,0.0,0.0,0.0,0.0,0.0,0.0,0.0,0.0,0.0,1.0,1.0,1.0,1.0,1.0,1.0,1.0,1.0,1.0,1.0,3.0,3.0,3.0,7.0
,Argentina,-38.4161,-63.6167,0.0,0.0,0.0,0.0,0.0,0.0,0.0,0.0,0.0,0.0,0.0,0.0,0.0,0.0,0.0,0.0,0.0,0.0,0.0,0.0,0.0,0.0,0.0,0.0,0.0,0.0,0.0,0.0,0.0,0.0,0.0,0.0,0.0,0.0,0.0,0.0,0.0,0.0,0.0,0.0,0.0,1.0,1.0,1.0,2.0,8.0,12.0,12.0,17.0,19.0,19.0,31.0,34.0,45.0,56.0,68.0,79.0,97.0,128.0,158.0,266.0,301.0,387.0,387.0,502.0
,Armenia,40.0691,45.0382,0.0,0.0,0.0,0.0,0.0,0.0,0.0,0.0,0.0,0.0,0.0,0.0,0.0,0.0,0.0,0.0,0.0,0.0,0.0,0.0,0.0,0.0,0.0,0.0,0.0,0.0,0.0,0.0,0.0,0.0,0.0,0.0,0.0,0.0,0.0,0.0,0.0,0.0,0.0,1.0,1.0,1.0,1.0,1.0,1.0,1.0,1.0,1.0,1.0,1.0,4.0,8.0,18.0,26.0,52.0,78.0,84.0,115.0,136.0,160.0,194.0,235.0,249.0,265.0,290.0
Australian Capital Territory,Australia,-35.4735,149.0124,0.0,0.0,0.0,0.0,0.0,0.0,0.0,0.0,0.0,0.0,0.0,0.0,0.0,0.0,0.0,0.0,0.0,0.0,0.0,0.0,0.0,0.0,0.0,0.0,0.0,0.0,0.0,0.0,0.0,0.0,0.0,0.0,0.0,0.0,0.0,0.0,0.0,0.0,0.0,0.0,0.0,0.0,0.0,0.0,0.0,0.0,0.0,0.0,0.0,0.0,0.0,1.0,1.0,1.0,2.0,2.0,3.0,4.0,6.0,9.0,19.0,32.0,39.0,39.0,53.0
New South Wales,Australia,-33.8688,151.2093,0.0,0.0,0.0,0.0,3.0,4.0,4.0,4.0,4.0,4.0,4.0,4.0,4.0,4.0,4.0,4.0,4.0,4.0,4.0,4.0,4.0,4.0,4.0,4.0,4.0,4.0,4.0,4.0,4.0,4.0,4.0,4.0,4.0,4.0,4.0,4.0,4.0,4.0,4.0,6.0,6.0,13.0,22.0,22.0,26.0,28.0,38.0,48.0,55.0,65.0,65.0,92.0,112.0,134.0,171.0,210.0,267.0,307.0,353.0,436.0,669.0,669.0,818.0,1029.0,1219.0
Northern Territory,Australia,-12.4634,130.8456,0.0,0.0,0.0,0.0,0.0,0.0,0.0,0.0,0.0,0.0,0.0,0.0,0.0,0.0,0.0,0.0,0.0,0.0,0.0,0.0,0.0,0.0,0.0,0.0,0.0,0.0,0.0,0.0,0.0,0.0,0.0,0.0,0.0,0.0,0.0,0.0,0.0,0.0,0.0,0.0,0.0,0.0,1.0,1.0,0.0,0.0,0.0,0.0,1.0,1.0,1.0,1.0,1.0,1.0,1.0,1.0,1.0,1.0,3.0,3.0,5.0,5.0,6.0,6.0,12.0
Queensland,Australia,-28.0167,153.4,0.0,0.0,0.0,0.0,0.0,0.0,0.0,1.0,3.0,2.0,3.0,2.0,2.0,3.0,3.0,4.0,5.0,5.0,5.0,5.0,5.0,5.0,5.0,5.0,5.0,5.0,5.0,5.0,5.0,5.0,5.0,5.0,5.0,5.0,5.0,5.0,5.0,5.0,9.0,9.0,9.0,11.0,11.0,13.0,13.0,13.0,15.0,15.0,18.0,20.0,20.0,35.0,46.0,61.0,68.0,78.0,94.0,144.0,184.0,221.0,259.0,319.0,397.0,443.0,493.0
South Australia,Australia,-34.9285,138.6007,0.0,0.0,0.0,0.0,0.0,0.0,0.0,0.0,0.0,0.0,1.0,2.0,2.0,2.0,2.0,2.0,2.0,2.0,2.0,2.0,2.0,2.0,2.0,2.0,2.0,2.0,2.0,2.0,2.0,2.0,2.0,2.0,2.0,2.0,2.0,2.0,2.0,2.0,3.0,3.0,3.0,3.0,5.0,5.0,7.0,7.0,7.0,7.0,7.0,9.0,9.0,16.0,19.0,20.0,29.0,29.0,37.0,42.0,50.0,67.0,100.0,134.0,170.0,170.0,235.0
Tasmania,Australia,-41.4545,145.9707,0.0,0.0,0.0,0.0,0.0,0.0,0.0,0.0,0.0,0.0,0.0,0.0,0.0,0.0,0.0,0.0,0.0,0.0,0.0,0.0,0.0,0.0,0.0,0.0,0.0,0.0,0.0,0.0,0.0,0.0,0.0,0.0,0.0,0.0,0.0,0.0,0.0,0.0,0.0,0.0,1.0,1.0,1.0,1.0,1.0,1.0,2.0,2.0,2.0,3.0,3.0,5.0,5.0,6.0,7.0,7.0,10.0,10.0,10.0,16.0,22.0,28.0,28.0,36.0,47.0
Victoria,Australia,-37.8136,144.9631,0.0,0.0,0.0,0.0,1.0,1.0,1.0,1.0,2.0,3.0,4.0,4.0,4.0,4.0,4.0,4.0,4.0,4.0,4.0,4.0,4.0,4.0,4.0,4.0,4.0,4.0,4.0,4.0,4.0,4.0,4.0,4.0,4.0,4.0,4.0,4.0,4.0,4.0,7.0,7.0,9.0,9.0,10.0,10.0,10.0,11.0,11.0,15.0,18.0,21.0,21.0,36.0,49.0,57.0,71.0,94.0,121.0,121.0,121.0,229.0,355.0,355.0,411.0,466.0,520.0
Western Australia,Australia,-31.9505,115.8605,0.0,0.0,0.0,0.0,0.0,0.0,0.0,0.0,0.0,0.0,0.0,0.0,0.0,0.0,0.0,0.0,0.0,0.0,0.0,0.0,0.0,0.0,0.0,0.0,0.0,0.0,0.0,0.0,0.0,0.0,0.0,0.0,0.0,0.0,0.0,0.0,0.0,0.0,2.0,2.0,2.0,2.0,2.0,3.0,3.0,3.0,3.0,4.0,6.0,9.0,9.0,14.0,17.0,17.0,28.0,31.0,35.0,52.0,64.0,90.0,120.0,140.0,175.0,175.0,231.0
,Austria,47.5162,14.5501,0.0,0.0,0.0,0.0,0.0,0.0,0.0,0.0,0.0,0.0,0.0,0.0,0.0,0.0,0.0,0.0,0.0,0.0,0.0,0.0,0.0,0.0,0.0,0.0,0.0,0.0,0.0,0.0,0.0,0.0,0.0,0.0,0.0,0.0,2.0,2.0,3.0,3.0,9.0,14.0,18.0,21.0,29.0,41.0,55.0,79.0,104.0,131.0,182.0,246.0,302.0,504.0,655.0,860.0,1018.0,1332.0,1646.0,2013.0,2388.0,2814.0,3582.0,4474.0,5283.0,5588.0,6909.0
,Azerbaijan,40.1431,47.5769,0.0,0.0,0.0,0.0,0.0,0.0,0.0,0.0,0.0,0.0,0.0,0.0,0.0,0.0,0.0,0.0,0.0,0.0,0.0,0.0,0.0,0.0,0.0,0.0,0.0,0.0,0.0,0.0,0.0,0.0,0.0,0.0,0.0,0.0,0.0,0.0,0.0,0.0,0.0,3.0,3.0,3.0,3.0,6.0,6.0,9.0,9.0,9.0,11.0,11.0,11.0,15.0,15.0,23.0,28.0,28.0,28.0,44.0,44.0,53.0,65.0,72.0,87.0,93.0,122.0
,Bahamas,25.0343,-77.3963,0.0,0.0,0.0,0.0,0.0,0.0,0.0,0.0,0.0,0.0,0.0,0.0,0.0,0.0,0.0,0.0,0.0,0.0,0.0,0.0,0.0,0.0,0.0,0.0,0.0,0.0,0.0,0.0,0.0,0.0,0.0,0.0,0.0,0.0,0.0,0.0,0.0,0.0,0.0,0.0,0.0,0.0,0.0,0.0,0.0,0.0,0.0,0.0,0.0,0.0,0.0,0.0,0.0,0.0,1.0,1.0,1.0,3.0,3.0,4.0,4.0,4.0,5.0,5.0,9.0
,Bahrain,26.0275,50.55,0.0,0.0,0.0,0.0,0.0,0.0,0.0,0.0,0.0,0.0,0.0,0.0,0.0,0.0,0.0,0.0,0.0,0.0,0.0,0.0,0.0,0.0,0.0,0.0,0.0,0.0,0.0,0.0,0.0,0.0,0.0,0.0,0.0,1.0,23.0,33.0,33.0,36.0,41.0,47.0,49.0,49.0,52.0,55.0,60.0,85.0,85.0,95.0,110.0,195.0,195.0,195.0,210.0,214.0,214.0,228.0,256.0,278.0,285.0,305.0,334.0,377.0,392.0,419.0,458.0
,Bangladesh,23.685,90.3563,0.0,0.0,0.0,0.0,0.0,0.0,0.0,0.0,0.0,0.0,0.0,0.0,0.0,0.0,0.0,0.0,0.0,0.0,0.0,0.0,0.0,0.0,0.0,0.0,0.0,0.0,0.0,0.0,0.0,0.0,0.0,0.0,0.0,0.0,0.0,0.0,0.0,0.0,0.0,0.0,0.0,0.0,0.0,0.0,0.0,0.0,3.0,3.0,3.0,3.0,3.0,3.0,3.0,5.0,8.0,10.0,14.0,17.0,20.0,25.0,27.0,33.0,39.0,39.0,44.0
,Barbados,13.1939,-59.5432,0.0,0.0,0.0,0.0,0.0,0.0,0.0,0.0,0.0,0.0,0.0,0.0,0.0,0.0,0.0,0.0,0.0,0.0,0.0,0.0,0.0,0.0,0.0,0.0,0.0,0.0,0.0,0.0,0.0,0.0,0.0,0.0,0.0,0.0,0.0,0.0,0.0,0.0,0.0,0.0,0.0,0.0,0.0,0.0,0.0,0.0,0.0,0.0,0.0,0.0,0.0,0.0,0.0,0.0,0.0,2.0,2.0,5.0,5.0,6.0,14.0,17.0,18.0,18.0,18.0
,Belarus,53.7098,27.9534,0.0,0.0,0.0,0.0,0.0,0.0,0.0,0.0,0.0,0.0,0.0,0.0,0.0,0.0,0.0,0.0,0.0,0.0,0.0,0.0,0.0,0.0,0.0,0.0,0.0,0.0,0.0,0.0,0.0,0.0,0.0,0.0,0.0,0.0,0.0,0.0,0.0,1.0,1.0,1.0,1.0,1.0,6.0,6.0,6.0,6.0,6.0,6.0,9.0,9.0,12.0,27.0,27.0,27.0,36.0,36.0,51.0,51.0,69.0,76.0,76.0,81.0,81.0,86.0,86.0
,Belgium,50.8333,4.0,0.0,0.0,0.0,0.0,0.0,0.0,0.0,0.0,0.0,0.0,0.0,0.0,0.0,1.0,1.0,1.0,1.0,1.0,1.0,1.0,1.0,1.0,1.0,1.0,1.0,1.0,1.0,1.0,1.0,1.0,1.0,1.0,1.0,1.0,1.0,1.0,1.0,1.0,1.0,2.0,8.0,13.0,23.0,50.0,109.0,169.0,200.0,239.0,267.0,314.0,314.0,559.0,689.0,886.0,1058.0,1243.0,1486.0,1795.0,2257.0,2815.0,3401.0,3743.0,4269.0,4937.0,6235.0
,Benin,9.3077,2.3158,0.0,0.0,0.0,0.0,0.0,0.0,0.0,0.0,0.0,0.0,0.0,0.0,0.0,0.0,0.0,0.0,0.0,0.0,0.0,0.0,0.0,0.0,0.0,0.0,0.0,0.0,0.0,0.0,0.0,0.0,0.0,0.0,0.0,0.0,0.0,0.0,0.0,0.0,0.0,0.0,0.0,0.0,0.0,0.0,0.0,0.0,0.0,0.0,0.0,0.0,0.0,0.0,0.0,0.0,1.0,1.0,2.0,2.0,2.0,2.0,2.0,5.0,6.0,6.0,6.0
,Bhutan,27.5142,90.4336,0.0,0.0,0.0,0.0,0.0,0.0,0.0,0.0,0.0,0.0,0.0,0.0,0.0,0.0,0.0,0.0,0.0,0.0,0.0,0.0,0.0,0.0,0.0,0.0,0.0,0.0,0.0,0.0,0.0,0.0,0.0,0.0,0.0,0.0,0.0,0.0,0.0,0.0,0.0,0.0,0.0,0.0,0.0,0.0,1.0,1.0,1.0,1.0,1.0,1.0,1.0,1.0,1.0,1.0,1.0,1.0,1.0,1.0,2.0,2.0,2.0,2.0,2.0,2.0,2.0
,Bolivia,-16.2902,-63.5887,0.0,0.0,0.0,0.0,0.0,0.0,0.0,0.0,0.0,0.0,0.0,0.0,0.0,0.0,0.0,0.0,0.0,0.0,0.0,0.0,0.0,0.0,0.0,0.0,0.0,0.0,0.0,0.0,0.0,0.0,0.0,0.0,0.0,0.0,0.0,0.0,0.0,0.0,0.0,0.0,0.0,0.0,0.0,0.0,0.0,0.0,0.0,0.0,0.0,2.0,2.0,3.0,10.0,10.0,11.0,11.0,12.0,12.0,15.0,19.0,24.0,27.0,29.0,32.0,43.0
,Bosnia and Herzegovina,43.9159,17.6791,0.0,0.0,0.0,0.0,0.0,0.0,0.0,0.0,0.0,0.0,0.0,0.0,0.0,0.0,0.0,0.0,0.0,0.0,0.0,0.0,0.0,0.0,0.0,0.0,0.0,0.0,0.0,0.0,0.0,0.0,0.0,0.0,0.0,0.0,0.0,0.0,0.0,0.0,0.0,0.0,0.0,0.0,0.0,2.0,2.0,3.0,3.0,3.0,5.0,7.0,11.0,13.0,18.0,24.0,25.0,26.0,38.0,63.0,89.0,93.0,126.0,136.0,166.0,176.0,191.0
,Brazil,-14.235,-51.9253,0.0,0.0,0.0,0.0,0.0,0.0,0.0,0.0,0.0,0.0,0.0,0.0,0.0,0.0,0.0,0.0,0.0,0.0,0.0,0.0,0.0,0.0,0.0,0.0,0.0,0.0,0.0,0.0,0.0,0.0,0.0,0.0,0.0,0.0,0.0,1.0,1.0,1.0,2.0,2.0,2.0,2.0,4.0,4.0,13.0,13.0,20.0,25.0,31.0,38.0,52.0,151.0,151.0,162.0,200.0,321.0,372.0,621.0,793.0,1021.0,1546.0,1924.0,2247.0,2554.0,2985.0
,Brunei,4.5353,114.7277,0.0,0.0,0.0,0.0,0.0,0.0,0.0,0.0,0.0,0.0,0.0,0.0,0.0,0.0,0.0,0.0,0.0,0.0,0.0,0.0,0.0,0.0,0.0,0.0,0.0,0.0,0.0,0.0,0.0,0.0,0.0,0.0,0.0,0.0,0.0,0.0,0.0,0.0,0.0,0.0,0.0,0.0,0.0,0.0,0.0,0.0,0.0,1.0,1.0,11.0,11.0,37.0,40.0,50.0,54.0,56.0,68.0,75.0,78.0,83.0,88.0,91.0,104.0,109.0,114.0
,Bulgaria,42.7339,25.4858,0.0,0.0,0.0,0.0,0.0,0.0,0.0,0.0,0.0,0.0,0.0,0.0,0.0,0.0,0.0,0.0,0.0,0.0,0.0,0.0,0.0,0.0,0.0,0.0,0.0,0.0,0.0,0.0,0.0,0.0,0.0,0.0,0.0,0.0,0.0,0.0,0.0,0.0,0.0,0.0,0.0,0.0,0.0,0.0,0.0,0.0,4.0,4.0,4.0,7.0,7.0,23.0,41.0,51.0,52.0,67.0,92.0,94.0,127.0,163.0,187.0,201.0,218.0,242.0,264.0
,Burkina Faso,12.2383,-1.5616,0.0,0.0,0.0,0.0,0.0,0.0,0.0,0.0,0.0,0.0,0.0,0.0,0.0,0.0,0.0,0.0,0.0,0.0,0.0,0.0,0.0,0.0,0.0,0.0,0.0,0.0,0.0,0.0,0.0,0.0,0.0,0.0,0.0,0.0,0.0,0.0,0.0,0.0,0.0,0.0,0.0,0.0,0.0,0.0,0.0,0.0,0.0,0.0,1.0,2.0,2.0,2.0,2.0,3.0,15.0,15.0,20.0,33.0,40.0,64.0,75.0,99.0,114.0,146.0,152.0
,Cabo Verde,16.5388,-23.0418,0.0,0.0,0.0,0.0,0.0,0.0,0.0,0.0,0.0,0.0,0.0,0.0,0.0,0.0,0.0,0.0,0.0,0.0,0.0,0.0,0.0,0.0,0.0,0.0,0.0,0.0,0.0,0.0,0.0,0.0,0.0,0.0,0.0,0.0,0.0,0.0,0.0,0.0,0.0,0.0,0.0,0.0,0.0,0.0,0.0,0.0,0.0,0.0,0.0,0.0,0.0,0.0,0.0,0.0,0.0,0.0,0.0,0.0,1.0,3.0,3.0,3.0,3.0,4.0,4.0
,Cambodia,11.55,104.9167,0.0,0.0,0.0,0.0,0.0,1.0,1.0,1.0,1.0,1.0,1.0,1.0,1.0,1.0,1.0,1.0,1.0,1.0,1.0,1.0,1.0,1.0,1.0,1.0,1.0,1.0,1.0,1.0,1.0,1.0,1.0,1.0,1.0,1.0,1.0,1.0,1.0,1.0,1.0,1.0,1.0,1.0,1.0,1.0,1.0,1.0,2.0,2.0,2.0,3.0,3.0,5.0,7.0,7.0,7.0,33.0,35.0,37.0,51.0,53.0,84.0,87.0,91.0,96.0,96.0
,Cameroon,3.848,11.5021,0.0,0.0,0.0,0.0,0.0,0.0,0.0,0.0,0.0,0.0,0.0,0.0,0.0,0.0,0.0,0.0,0.0,0.0,0.0,0.0,0.0,0.0,0.0,0.0,0.0,0.0,0.0,0.0,0.0,0.0,0.0,0.0,0.0,0.0,0.0,0.0,0.0,0.0,0.0,0.0,0.0,0.0,0.0,0.0,1.0,1.0,2.0,2.0,2.0,2.0,2.0,2.0,2.0,2.0,4.0,10.0,10.0,13.0,20.0,27.0,40.0,56.0,66.0,75.0,75.0
Alberta,Canada,53.9333,-116.5765,0.0,0.0,0.0,0.0,0.0,0.0,0.0,0.0,0.0,0.0,0.0,0.0,0.0,0.0,0.0,0.0,0.0,0.0,0.0,0.0,0.0,0.0,0.0,0.0,0.0,0.0,0.0,0.0,0.0,0.0,0.0,0.0,0.0,0.0,0.0,0.0,0.0,0.0,0.0,0.0,0.0,0.0,0.0,0.0,1.0,2.0,4.0,7.0,7.0,19.0,19.0,29.0,29.0,39.0,56.0,74.0,97.0,119.0,146.0,195.0,259.0,301.0,359.0,358.0,486.0
British Columbia,Canada,49.2827,-123.1207,0.0,0.0,0.0,0.0,0.0,0.0,1.0,1.0,1.0,1.0,1.0,1.0,1.0,1.0,2.0,2.0,4.0,4.0,4.0,4.0,4.0,4.0,4.0,4.0,4.0,4.0,5.0,5.0,5.0,5.0,6.0,6.0,6.0,6.0,7.0,7.0,7.0,7.0,8.0,8.0,8.0,9.0,12.0,13.0,21.0,21.0,27.0,32.0,32.0,39.0,46.0,64.0,64.0,73.0,103.0,103.0,186.0,231.0,271.0,424.0,424.0,472.0,617.0,617.0,725.0
Grand Princess,Canada,37.6489,-122.6655,0.0,0.0,0.0,0.0,0.0,0.0,0.0,0.0,0.0,0.0,0.0,0.0,0.0,0.0,0.0,0.0,0.0,0.0,0.0,0.0,0.0,0.0,0.0,0.0,0.0,0.0,0.0,0.0,0.0,0.0,0.0,0.0,0.0,0.0,0.0,0.0,0.0,0.0,0.0,0.0,0.0,0.0,0.0,0.0,0.0,0.0,0.0,0.0,0.0,0.0,0.0,2.0,2.0,2.0,2.0,8.0,9.0,9.0,10.0,10.0,13.0,13.0,13.0,13.0,13.0
Manitoba,Canada,53.7609,-98.8139,0.0,0.0,0.0,0.0,0.0,0.0,0.0,0.0,0.0,0.0,0.0,0.0,0.0,0.0,0.0,0.0,0.0,0.0,0.0,0.0,0.0,0.0,0.0,0.0,0.0,0.0,0.0,0.0,0.0,0.0,0.0,0.0,0.0,0.0,0.0,0.0,0.0,0.0,0.0,0.0,0.0,0.0,0.0,0.0,0.0,0.0,0.0,0.0,0.0,0.0,0.0,4.0,4.0,4.0,7.0,8.0,15.0,17.0,17.0,18.0,20.0,20.0,21.0,35.0,36.0
New Brunswick,Canada,46.5653,-66.4619,0.0,0.0,0.0,0.0,0.0,0.0,0.0,0.0,0.0,0.0,0.0,0.0,0.0,0.0,0.0,0.0,0.0,0.0,0.0,0.0,0.0,0.0,0.0,0.0,0.0,0.0,0.0,0.0,0.0,0.0,0.0,0.0,0.0,0.0,0.0,0.0,0.0,0.0,0.0,0.0,0.0,0.0,0.0,0.0,0.0,0.0,0.0,0.0,0.0,1.0,1.0,1.0,1.0,2.0,6.0,8.0,11.0,11.0,11.0,17.0,17.0,17.0,18.0,18.0,33.0
Newfoundland and Labrador,Canada,53.1355,-57.6604,0.0,0.0,0.0,0.0,0.0,0.0,0.0,0.0,0.0,0.0,0.0,0.0,0.0,0.0,0.0,0.0,0.0,0.0,0.0,0.0,0.0,0.0,0.0,0.0,0.0,0.0,0.0,0.0,0.0,0.0,0.0,0.0,0.0,0.0,0.0,0.0,0.0,0.0,0.0,0.0,0.0,0.0,0.0,0.0,0.0,0.0,0.0,0.0,0.0,0.0,0.0,0.0,0.0,1.0,1.0,3.0,3.0,3.0,4.0,6.0,9.0,24.0,35.0,35.0,82.0
Nova Scotia,Canada,44.682,-63.7443,0.0,0.0,0.0,0.0,0.0,0.0,0.0,0.0,0.0,0.0,0.0,0.0,0.0,0.0,0.0,0.0,0.0,0.0,0.0,0.0,0.0,0.0,0.0,0.0,0.0,0.0,0.0,0.0,0.0,0.0,0.0,0.0,0.0,0.0,0.0,0.0,0.0,0.0,0.0,0.0,0.0,0.0,0.0,0.0,0.0,0.0,0.0,0.0,0.0,0.0,0.0,0.0,0.0,0.0,5.0,7.0,12.0,14.0,15.0,21.0,28.0,41.0,51.0,68.0,73.0
Ontario,Canada,51.2538,-85.3232,0.0,0.0,0.0,0.0,1.0,1.0,1.0,1.0,1.0,3.0,3.0,3.0,3.0,3.0,3.0,3.0,3.0,3.0,3.0,3.0,3.0,3.0,3.0,3.0,3.0,3.0,3.0,3.0,3.0,3.0,3.0,3.0,3.0,4.0,4.0,4.0,6.0,6.0,11.0,15.0,18.0,20.0,20.0,22.0,25.0,28.0,29.0,34.0,36.0,41.0,42.0,74.0,79.0,104.0,177.0,185.0,221.0,257.0,308.0,377.0,425.0,503.0,588.0,688.0,858.0
Prince Edward Island,Canada,46.5107,-63.4168,0.0,0.0,0.0,0.0,0.0,0.0,0.0,0.0,0.0,0.0,0.0,0.0,0.0,0.0,0.0,0.0,0.0,0.0,0.0,0.0,0.0,0.0,0.0,0.0,0.0,0.0,0.0,0.0,0.0,0.0,0.0,0.0,0.0,0.0,0.0,0.0,0.0,0.0,0.0,0.0,0.0,0.0,0.0,0.0,0.0,0.0,0.0,0.0,0.0,0.0,0.0,0.0,0.0,1.0,1.0,1.0,1.0,2.0,2.0,2.0,3.0,3.0,3.0,5.0,5.0
Quebec,Canada,52.9399,-73.5491,0.0,0.0,0.0,0.0,0.0,0.0,0.0,0.0,0.0,0.0,0.0,0.0,0.0,0.0,0.0,0.0,0.0,0.0,0.0,0.0,0.0,0.0,0.0,0.0,0.0,0.0,0.0,0.0,0.0,0.0,0.0,0.0,0.0,0.0,0.0,0.0,0.0,1.0,1.0,1.0,1.0,1.0,1.0,2.0,2.0,3.0,4.0,4.0,4.0,8.0,9.0,17.0,17.0,24.0,50.0,74.0,94.0,121.0,139.0,181.0,219.0,628.0,1013.0,1342.0,1632.0
Saskatchewan,Canada,52.9399,-106.4509,0.0,0.0,0.0,0.0,0.0,0.0,0.0,0.0,0.0,0.0,0.0,0.0,0.0,0.0,0.0,0.0,0.0,0.0,0.0,0.0,0.0,0.0,0.0,0.0,0.0,0.0,0.0,0.0,0.0,0.0,0.0,0.0,0.0,0.0,0.0,0.0,0.0,0.0,0.0,0.0,0.0,0.0,0.0,0.0,0.0,0.0,0.0,0.0,0.0,0.0,0.0,2.0,2.0,2.0,7.0,7.0,8.0,16.0,20.0,26.0,52.0,66.0,72.0,72.0,95.0
,Central African Republic,6.6111,20.9394,0.0,0.0,0.0,0.0,0.0,0.0,0.0,0.0,0.0,0.0,0.0,0.0,0.0,0.0,0.0,0.0,0.0,0.0,0.0,0.0,0.0,0.0,0.0,0.0,0.0,0.0,0.0,0.0,0.0,0.0,0.0,0.0,0.0,0.0,0.0,0.0,0.0,0.0,0.0,0.0,0.0,0.0,0.0,0.0,0.0,0.0,0.0,0.0,0.0,0.0,0.0,0.0,0.0,1.0,1.0,1.0,1.0,1.0,3.0,3.0,3.0,3.0,3.0,3.0,3.0
,Chad,15.4542,18.7322,0.0,0.0,0.0,0.0,0.0,0.0,0.0,0.0,0.0,0.0,0.0,0.0,0.0,0.0,0.0,0.0,0.0,0.0,0.0,0.0,0.0,0.0,0.0,0.0,0.0,0.0,0.0,0.0,0.0,0.0,0.0,0.0,0.0,0.0,0.0,0.0,0.0,0.0,0.0,0.0,0.0,0.0,0.0,0.0,0.0,0.0,0.0,0.0,0.0,0.0,0.0,0.0,0.0,0.0,0.0,0.0,0.0,1.0,1.0,1.0,1.0,1.0,3.0,3.0,3.0
,Chile,-35.6751,-71.543,0.0,0.0,0.0,0.0,0.0,0.0,0.0,0.0,0.0,0.0,0.0,0.0,0.0,0.0,0.0,0.0,0.0,0.0,0.0,0.0,0.0,0.0,0.0,0.0,0.0,0.0,0.0,0.0,0.0,0.0,0.0,0.0,0.0,0.0,0.0,0.0,0.0,0.0,0.0,0.0,0.0,1.0,1.0,4.0,4.0,4.0,8.0,8.0,13.0,23.0,23.0,43.0,61.0,74.0,155.0,201.0,238.0,238.0,434.0,537.0,632.0,746.0,922.0,1142.0,1306.0
Anhui,China,31.8257,117.2264,1.0,9.0,15.0,39.0,60.0,70.0,106.0,152.0,200.0,237.0,297.0,340.0,408.0,480.0,530.0,591.0,665.0,733.0,779.0,830.0,860.0,889.0,910.0,934.0,950.0,962.0,973.0,982.0,986.0,987.0,988.0,989.0,989.0,989.0,989.0,989.0,989.0,990.0,990.0,990.0,990.0,990.0,990.0,990.0,990.0,990.0,990.0,990.0,990.0,990.0,990.0,990.0,990.0,990.0,990.0,990.0,990.0,990.0,990.0,990.0,990.0,990.0,990.0,990.0,990.0
Beijing,China,40.1824,116.4142,14.0,22.0,36.0,41.0,68.0,80.0,91.0,111.0,114.0,139.0,168.0,191.0,212.0,228.0,253.0,274.0,297.0,315.0,326.0,337.0,342.0,352.0,366.0,372.0,375.0,380.0,381.0,387.0,393.0,395.0,396.0,399.0,399.0,399.0,400.0,400.0,410.0,410.0,411.0,413.0,414.0,414.0,418.0,418.0,422.0,426.0,428.0,428.0,429.0,435.0,435.0,436.0,437.0,442.0,452.0,456.0,469.0,480.0,491.0,504.0,522.0,537.0,558.0,561.0,566.0
Chongqing,China,30.0572,107.874,6.0,9.0,27.0,57.0,75.0,110.0,132.0,147.0,182.0,211.0,247.0,300.0,337.0,366.0,389.0,411.0,426.0,428.0,468.0,486.0,505.0,518.0,529.0,537.0,544.0,551.0,553.0,555.0,560.0,567.0,572.0,573.0,575.0,576.0,576.0,576.0,576.0,576.0,576.0,576.0,576.0,576.0,576.0,576.0,576.0,576.0,576.0,576.0,576.0,576.0,576.0,576.0,576.0,576.0,576.0,576.0,576.0,576.0,576.0,576.0,577.0,578.0,578.0,578.0,578.0
Fujian,China,26.0789,117.9874,1.0,5.0,10.0,18.0,35.0,59.0,80.0,84.0,101.0,120.0,144.0,159.0,179.0,194.0,205.0,215.0,224.0,239.0,250.0,261.0,267.0,272.0,279.0,281.0,285.0,287.0,290.0,292.0,293.0,293.0,293.0,293.0,293.0,293.0,294.0,294.0,296.0,296.0,296.0,296.0,296.0,296.0,296.0,296.0,296.0,296.0,296.0,296.0,296.0,296.0,296.0,296.0,296.0,296.0,296.0,296.0,296.0,296.0,299.0,303.0,313.0,313.0,318.0,322.0,328.0
Gansu,China,37.8099,101.0583,0.0,2.0,2.0,4.0,7.0,14.0,19.0,24.0,26.0,29.0,40.0,51.0,55.0,57.0,62.0,62.0,67.0,79.0,83.0,83.0,86.0,87.0,90.0,90.0,90.0,90.0,91.0,91.0,91.0,91.0,91.0,91.0,91.0,91.0,91.0,91.0,91.0,91.0,91.0,91.0,91.0,91.0,91.0,102.0,119.0,120.0,124.0,124.0,125.0,127.0,127.0,127.0,129.0,133.0,133.0,133.0,133.0,134.0,134.0,134.0,136.0,136.0,136.0,136.0,136.0
Guangdong,China,23.3417,113.4244,26.0,32.0,53.0,78.0,111.0,151.0,207.0,277.0,354.0,436.0,535.0,632.0,725.0,813.0,895.0,970.0,1034.0,1095.0,1131.0,1159.0,1177.0,1219.0,1241.0,1261.0,1294.0,1316.0,1322.0,1328.0,1331.0,1332.0,1333.0,1339.0,1342.0,1345.0,1347.0,1347.0,1347.0,1348.0,1349.0,1349.0,1350.0,1350.0,1350.0,1351.0,1352.0,1352.0,1352.0,1352.0,1353.0,1356.0,1356.0,1356.0,1356.0,1360.0,1361.0,1364.0,1370.0,1378.0,1395.0,1400.0,1413.0,1415.0,1428.0,1433.0,1448.0
Guangxi,China,23.8298,108.7881,2.0,5.0,23.0,23.0,36.0,46.0,51.0,58.0,78.0,87.0,100.0,111.0,127.0,139.0,150.0,168.0,172.0,183.0,195.0,210.0,215.0,222.0,222.0,226.0,235.0,237.0,238.0,242.0,244.0,245.0,246.0,249.0,249.0,251.0,252.0,252.0,252.0,252.0,252.0,252.0,252.0,252.0,252.0,252.0,252.0,252.0,252.0,252.0,252.0,252.0,252.0,252.0,252.0,252.0,252.0,253.0,253.0,253.0,254.0,254.0,254.0,254.0,254.0,254.0,254.0
Guizhou,China,26.8154,106.8748,1.0,3.0,3.0,4.0,5.0,7.0,9.0,9.0,12.0,29.0,29.0,38.0,46.0,58.0,64.0,71.0,81.0,89.0,99.0,109.0,127.0,133.0,135.0,140.0,143.0,144.0,146.0,146.0,146.0,146.0,146.0,146.0,146.0,146.0,146.0,146.0,146.0,146.0,146.0,146.0,146.0,146.0,146.0,146.0,146.0,146.0,146.0,146.0,146.0,146.0,146.0,146.0,146.0,146.0,146.0,147.0,146.0,146.0,146.0,146.0,146.0,146.0,146.0,146.0,146.0
Hainan,China,19.1959,109.7453,4.0,5.0,8.0,19.0,22.0,33.0,40.0,43.0,46.0,52.0,62.0,64.0,72.0,80.0,99.0,106.0,117.0,124.0,131.0,138.0,144.0,157.0,157.0,159.0,162.0,162.0,163.0,163.0,168.0,168.0,168.0,168.0,168.0,168.0,168.0,168.0,168.0,168.0,168.0,168.0,168.0,168.0,168.0,168.0,168.0,168.0,168.0,168.0,168.0,168.0,168.0,168.0,168.0,168.0,168.0,168.0,168.0,168.0,168.0,168.0,168.0,168.0,168.0,168.0,168.0
Hebei,China,39.549,116.1306,1.0,1.0,2.0,8.0,13.0,18.0,33.0,48.0,65.0,82.0,96.0,104.0,113.0,126.0,135.0,157.0,172.0,195.0,206.0,218.0,239.0,251.0,265.0,283.0,291.0,300.0,301.0,306.0,306.0,307.0,308.0,309.0,311.0,311.0,311.0,312.0,317.0,318.0,318.0,318.0,318.0,318.0,318.0,318.0,318.0,318.0,318.0,318.0,318.0,318.0,318.0,318.0,318.0,318.0,318.0,318.0,318.0,318.0,318.0,318.0,319.0,319.0,319.0,319.0,319.0
Heilongjiang,China,47.862,127.7615,0.0,2.0,4.0,9.0,15.0,21.0,33.0,38.0,44.0,59.0,80.0,95.0,121.0,155.0,190.0,227.0,277.0,295.0,307.0,331.0,360.0,378.0,395.0,419.0,425.0,445.0,457.0,464.0,470.0,476.0,479.0,479.0,480.0,480.0,480.0,480.0,480.0,480.0,480.0,480.0,480.0,480.0,480.0,481.0,481.0,481.0,481.0,481.0,481.0,482.0,482.0,482.0,482.0,482.0,482.0,482.0,482.0,483.0,484.0,484.0,484.0,484.0,484.0,484.0,484.0
Henan,China,33.882,113.614,5.0,5.0,9.0,32.0,83.0,128.0,168.0,206.0,278.0,352.0,422.0,493.0,566.0,675.0,764.0,851.0,914.0,981.0,1033.0,1073.0,1105.0,1135.0,1169.0,1184.0,1212.0,1231.0,1246.0,1257.0,1262.0,1265.0,1267.0,1270.0,1271.0,1271.0,1271.0,1271.0,1272.0,1272.0,1272.0,1272.0,1272.0,1272.0,1272.0,1272.0,1272.0,1272.0,1272.0,1272.0,1272.0,1273.0,1273.0,1273.0,1273.0,1273.0,1273.0,1273.0,1273.0,1273.0,1273.0,1273.0,1274.0,1274.0,1274.0,1274.0,1275.0
Hong Kong,China,22.3,114.2,0.0,2.0,2.0,5.0,8.0,8.0,8.0,10.0,10.0,12.0,13.0,15.0,15.0,17.0,21.0,24.0,25.0,26.0,29.0,38.0,49.0,50.0,53.0,56.0,56.0,57.0,60.0,62.0,63.0,68.0,68.0,69.0,74.0,79.0,84.0,91.0,92.0,94.0,95.0,96.0,100.0,100.0,105.0,105.0,107.0,108.0,114.0,115.0,120.0,126.0,129.0,134.0,140.0,145.0,155.0,162.0,181.0,208.0,256.0,273.0,317.0,356.0,386.0,410.0,453.0
Hubei,China,30.9756,112.2707,444.0,444.0,549.0,761.0,1058.0,1423.0,3554.0,3554.0,4903.0,5806.0,7153.0,11177.0,13522.0,16678.0,19665.0,22112.0,24953.0,27100.0,29631.0,31728.0,33366.0,33366.0,48206.0,54406.0,56249.0,58182.0,59989.0,61682.0,62031.0,62442.0,62662.0,64084.0,64084.0,64287.0,64786.0,65187.0,65596.0,65914.0,66337.0,66907.0,67103.0,67217.0,67332.0,67466.0,67592.0,67666.0,67707.0,67743.0,67760.0,67773.0,67781.0,67786.0,67790.0,67794.0,67798.0,67799.0,67800.0,67800.0,67800.0,67800.0,67800.0,67800.0,67801.0,67801.0,67801.0
Hunan,China,27.6104,111.7088,4.0,9.0,24.0,43.0,69.0,100.0,143.0,221.0,277.0,332.0,389.0,463.0,521.0,593.0,661.0,711.0,772.0,803.0,838.0,879.0,912.0,946.0,968.0,988.0,1001.0,1004.0,1006.0,1007.0,1008.0,1010.0,1011.0,1013.0,1016.0,1016.0,1016.0,1016.0,1017.0,1017.0,1018.0,1018.0,1018.0,1018.0,1018.0,1018.0,1018.0,1018.0,1018.0,1018.0,1018.0,1018.0,1018.0,1018.0,1018.0,1018.0,1018.0,1018.0,1018.0,1018.0,1018.0,1018.0,1018.0,1018.0,1018.0,1018.0,1018.0
Inner Mongolia,China,44.0935,113.9448,0.0,0.0,1.0,7.0,7.0,11.0,15.0,16.0,19.0,20.0,23.0,27.0,34.0,35.0,42.0,46.0,50.0,52.0,54.0,58.0,58.0,60.0,61.0,65.0,68.0,70.0,72.0,73.0,75.0,75.0,75.0,75.0,75.0,75.0,75.0,75.0,75.0,75.0,75.0,75.0,75.0,75.0,75.0,75.0,75.0,75.0,75.0,75.0,75.0,75.0,75.0,75.0,75.0,75.0,75.0,75.0,75.0,75.0,75.0,75.0,75.0,75.0,75.0,77.0,89.0
Jiangsu,China,32.9711,119.455,1.0,5.0,9.0,18.0,33.0,47.0,70.0,99.0,129.0,168.0,202.0,236.0,271.0,308.0,341.0,373.0,408.0,439.0,468.0,492.0,515.0,543.0,570.0,593.0,604.0,617.0,626.0,629.0,631.0,631.0,631.0,631.0,631.0,631.0,631.0,631.0,631.0,631.0,631.0,631.0,631.0,631.0,631.0,631.0,631.0,631.0,631.0,631.0,631.0,631.0,631.0,631.0,631.0,631.0,631.0,631.0,631.0,631.0,631.0,631.0,633.0,633.0,636.0,638.0,640.0
Jiangxi,China,27.614,115.7221,2.0,7.0,18.0,18.0,36.0,72.0,109.0,109.0,162.0,240.0,286.0,333.0,391.0,476.0,548.0,600.0,661.0,698.0,740.0,771.0,804.0,844.0,872.0,900.0,913.0,925.0,930.0,933.0,934.0,934.0,934.0,934.0,934.0,934.0,934.0,934.0,934.0,935.0,935.0,935.0,935.0,935.0,935.0,935.0,935.0,935.0,935.0,935.0,935.0,935.0,935.0,935.0,935.0,935.0,935.0,935.0,935.0,935.0,935.0,935.0,936.0,936.0,936.0,936.0,936.0
Jilin,China,43.6661,126.1923,0.0,1.0,3.0,4.0,4.0,6.0,8.0,9.0,14.0,14.0,17.0,23.0,31.0,42.0,54.0,59.0,65.0,69.0,78.0,80.0,81.0,83.0,84.0,86.0,88.0,89.0,89.0,89.0,90.0,91.0,91.0,91.0,91.0,93.0,93.0,93.0,93.0,93.0,93.0,93.0,93.0,93.0,93.0,93.0,93.0,93.0,93.0,93.0,93.0,93.0,93.0,93.0,93.0,93.0,93.0,93.0,93.0,93.0,93.0,93.0,93.0,93.0,93.0,94.0,95.0
Liaoning,China,41.2956,122.6085,2.0,3.0,4.0,17.0,21.0,27.0,34.0,39.0,41.0,48.0,64.0,70.0,74.0,81.0,89.0,94.0,99.0,105.0,107.0,108.0,111.0,116.0,117.0,119.0,119.0,121.0,121.0,121.0,121.0,121.0,121.0,121.0,121.0,121.0,121.0,121.0,121.0,121.0,121.0,122.0,122.0,125.0,125.0,125.0,125.0,125.0,125.0,125.0,125.0,125.0,125.0,125.0,125.0,125.0,125.0,125.0,125.0,125.0,126.0,126.0,127.0,127.0,127.0,127.0,128.0
Macau,China,22.1667,113.55,1.0,2.0,2.0,2.0,5.0,6.0,7.0,7.0,7.0,7.0,7.0,8.0,8.0,10.0,10.0,10.0,10.0,10.0,10.0,10.0,10.0,10.0,10.0,10.0,10.0,10.0,10.0,10.0,10.0,10.0,10.0,10.0,10.0,10.0,10.0,10.0,10.0,10.0,10.0,10.0,10.0,10.0,10.0,10.0,10.0,10.0,10.0,10.0,10.0,10.0,10.0,10.0,10.0,10.0,11.0,12.0,15.0,17.0,17.0,18.0,24.0,24.0,25.0,30.0,31.0
Ningxia,China,37.2692,106.1655,1.0,1.0,2.0,3.0,4.0,7.0,11.0,12.0,17.0,21.0,26.0,28.0,31.0,34.0,34.0,40.0,43.0,45.0,45.0,49.0,53.0,58.0,64.0,67.0,70.0,70.0,70.0,70.0,71.0,71.0,71.0,71.0,71.0,71.0,71.0,71.0,72.0,72.0,73.0,73.0,74.0,74.0,75.0,75.0,75.0,75.0,75.0,75.0,75.0,75.0,75.0,75.0,75.0,75.0,75.0,75.0,75.0,75.0,75.0,75.0,75.0,75.0,75.0,75.0,75.0
Qinghai,China,35.7452,95.9956,0.0,0.0,0.0,1.0,1.0,6.0,6.0,6.0,8.0,8.0,9.0,11.0,13.0,15.0,17.0,18.0,18.0,18.0,18.0,18.0,18.0,18.0,18.0,18.0,18.0,18.0,18.0,18.0,18.0,18.0,18.0,18.0,18.0,18.0,18.0,18.0,18.0,18.0,18.0,18.0,18.0,18.0,18.0,18.0,18.0,18.0,18.0,18.0,18.0,18.0,18.0,18.0,18.0,18.0,18.0,18.0,18.0,18.0,18.0,18.0,18.0,18.0,18.0,18.0,18.0
Shaanxi,China,35.1917,108.8701,0.0,3.0,5.0,15.0,22.0,35.0,46.0,56.0,63.0,87.0,101.0,116.0,128.0,142.0,165.0,173.0,184.0,195.0,208.0,213.0,219.0,225.0,229.0,230.0,232.0,236.0,240.0,240.0,242.0,245.0,245.0,245.0,245.0,245.0,245.0,245.0,245.0,245.0,245.0,245.0,245.0,245.0,245.0,245.0,245.0,245.0,245.0,245.0,245.0,245.0,245.0,245.0,245.0,245.0,245.0,246.0,246.0,246.0,247.0,248.0,248.0,248.0,249.0,250.0,253.0
Shandong,China,36.3427,118.1498,2.0,6.0,15.0,27.0,46.0,75.0,95.0,130.0,158.0,184.0,206.0,230.0,259.0,275.0,307.0,347.0,386.0,416.0,444.0,466.0,487.0,497.0,509.0,523.0,532.0,537.0,541.0,543.0,544.0,546.0,749.0,750.0,754.0,755.0,756.0,756.0,756.0,756.0,756.0,758.0,758.0,758.0,758.0,758.0,758.0,758.0,758.0,758.0,758.0,760.0,760.0,760.0,760.0,760.0,760.0,761.0,761.0,761.0,762.0,764.0,767.0,768.0,768.0,769.0,771.0
Shanghai,China,31.202,121.4491,9.0,16.0,20.0,33.0,40.0,53.0,66.0,96.0,112.0,135.0,169.0,182.0,203.0,219.0,243.0,257.0,277.0,286.0,293.0,299.0,303.0,311.0,315.0,318.0,326.0,328.0,333.0,333.0,333.0,334.0,334.0,335.0,335.0,335.0,336.0,337.0,337.0,337.0,337.0,337.0,337.0,338.0,338.0,339.0,342.0,342.0,342.0,342.0,344.0,344.0,344.0,346.0,353.0,353.0,355.0,358.0,361.0,363.0,371.0,380.0,404.0,404.0,414.0,433.0,451.0
Shanxi,China,37.5777,112.2922,1.0,1.0,1.0,6.0,9.0,13.0,27.0,27.0,35.0,39.0,47.0,66.0,74.0,81.0,81.0,96.0,104.0,115.0,119.0,119.0,124.0,126.0,126.0,127.0,128.0,129.0,130.0,131.0,131.0,132.0,132.0,132.0,132.0,133.0,133.0,133.0,133.0,133.0,133.0,133.0,133.0,133.0,133.0,133.0,133.0,133.0,133.0,133.0,133.0,133.0,133.0,133.0,133.0,133.0,133.0,133.0,133.0,133.0,133.0,133.0,133.0,134.0,134.0,134.0,135.0
Sichuan,China,30.6171,102.7103,5.0,8.0,15.0,28.0,44.0,69.0,90.0,108.0,142.0,177.0,207.0,231.0,254.0,282.0,301.0,321.0,344.0,364.0,386.0,405.0,417.0,436.0,451.0,463.0,470.0,481.0,495.0,508.0,514.0,520.0,525.0,526.0,526.0,527.0,529.0,531.0,534.0,538.0,538.0,538.0,538.0,538.0,538.0,539.0,539.0,539.0,539.0,539.0,539.0,539.0,539.0,539.0,539.0,539.0,539.0,540.0,540.0,540.0,541.0,542.0,543.0,543.0,545.0,547.0,547.0
Tianjin,China,39.3054,117.323,4.0,4.0,8.0,10.0,14.0,23.0,24.0,27.0,31.0,32.0,41.0,48.0,60.0,67.0,69.0,79.0,81.0,88.0,91.0,95.0,106.0,112.0,119.0,120.0,122.0,124.0,125.0,128.0,130.0,131.0,132.0,135.0,135.0,135.0,135.0,135.0,136.0,136.0,136.0,136.0,136.0,136.0,136.0,136.0,136.0,136.0,136.0,136.0,136.0,136.0,136.0,136.0,136.0,136.0,136.0,136.0,136.0,137.0,137.0,137.0,137.0,141.0,145.0,145.0,151.0
Tibet,China,31.6927,88.0924,0.0,0.0,0.0,0.0,0.0,0.0,0.0,0.0,1.0,1.0,1.0,1.0,1.0,1.0,1.0,1.0,1.0,1.0,1.0,1.0,1.0,1.0,1.0,1.0,1.0,1.0,1.0,1.0,1.0,1.0,1.0,1.0,1.0,1.0,1.0,1.0,1.0,1.0,1.0,1.0,1.0,1.0,1.0,1.0,1.0,1.0,1.0,1.0,1.0,1.0,1.0,1.0,1.0,1.0,1.0,1.0,1.0,1.0,1.0,1.0,1.0,1.0,1.0,1.0,1.0
Xinjiang,China,41.1129,85.2401,0.0,2.0,2.0,3.0,4.0,5.0,10.0,13.0,14.0,17.0,18.0,21.0,24.0,29.0,32.0,36.0,39.0,42.0,45.0,49.0,55.0,59.0,63.0,65.0,70.0,71.0,75.0,76.0,76.0,76.0,76.0,76.0,76.0,76.0,76.0,76.0,76.0,76.0,76.0,76.0,76.0,76.0,76.0,76.0,76.0,76.0,76.0,76.0,76.0,76.0,76.0,76.0,76.0,76.0,76.0,76.0,76.0,76.0,76.0,76.0,76.0,76.0,76.0,76.0,76.0
Yunnan,China,24.974,101.487,1.0,2.0,5.0,11.0,16.0,26.0,44.0,55.0,70.0,83.0,93.0,105.0,117.0,122.0,128.0,133.0,138.0,138.0,141.0,149.0,153.0,154.0,156.0,162.0,168.0,171.0,171.0,172.0,172.0,174.0,174.0,174.0,174.0,174.0,174.0,174.0,174.0,174.0,174.0,174.0,174.0,174.0,174.0,174.0,174.0,174.0,174.0,174.0,174.0,174.0,174.0,174.0,174.0,174.0,176.0,176.0,176.0,176.0,176.0,176.0,176.0,176.0,176.0,176.0,178.0
Zhejiang,China,29.1832,120.0934,10.0,27.0,43.0,62.0,104.0,128.0,173.0,296.0,428.0,538.0,599.0,661.0,724.0,829.0,895.0,954.0,1006.0,1048.0,1075.0,1092.0,1117.0,1131.0,1145.0,1155.0,1162.0,1167.0,1171.0,1172.0,1174.0,1175.0,1203.0,1205.0,1205.0,1205.0,1205.0,1205.0,1205.0,1205.0,1205.0,1205.0,1206.0,1213.0,1213.0,1215.0,1215.0,1215.0,1215.0,1215.0,1215.0,1215.0,1215.0,1215.0,1227.0,1231.0,1231.0,1232.0,1232.0,1233.0,1234.0,1236.0,1238.0,1238.0,1240.0,1241.0,1243.0
,Colombia,4.5709,-74.2973,0.0,0.0,0.0,0.0,0.0,0.0,0.0,0.0,0.0,0.0,0.0,0.0,0.0,0.0,0.0,0.0,0.0,0.0,0.0,0.0,0.0,0.0,0.0,0.0,0.0,0.0,0.0,0.0,0.0,0.0,0.0,0.0,0.0,0.0,0.0,0.0,0.0,0.0,0.0,0.0,0.0,0.0,0.0,0.0,1.0,1.0,1.0,1.0,3.0,9.0,9.0,13.0,22.0,34.0,54.0,65.0,93.0,102.0,128.0,196.0,231.0,277.0,378.0,470.0,491.0
,Congo (Brazzaville),-4.0383,21.7587,0.0,0.0,0.0,0.0,0.0,0.0,0.0,0.0,0.0,0.0,0.0,0.0,0.0,0.0,0.0,0.0,0.0,0.0,0.0,0.0,0.0,0.0,0.0,0.0,0.0,0.0,0.0,0.0,0.0,0.0,0.0,0.0,0.0,0.0,0.0,0.0,0.0,0.0,0.0,0.0,0.0,0.0,0.0,0.0,0.0,0.0,0.0,0.0,0.0,0.0,0.0,0.0,0.0,1.0,1.0,1.0,1.0,3.0,3.0,3.0,3.0,4.0,4.0,4.0,4.0
,Congo (Kinshasa),-4.0383,21.7587,0.0,0.0,0.0,0.0,0.0,0.0,0.0,0.0,0.0,0.0,0.0,0.0,0.0,0.0,0.0,0.0,0.0,0.0,0.0,0.0,0.0,0.0,0.0,0.0,0.0,0.0,0.0,0.0,0.0,0.0,0.0,0.0,0.0,0.0,0.0,0.0,0.0,0.0,0.0,0.0,0.0,0.0,0.0,0.0,0.0,0.0,0.0,0.0,0.0,1.0,1.0,2.0,2.0,2.0,2.0,3.0,4.0,14.0,18.0,23.0,30.0,36.0,45.0,48.0,51.0
,Costa Rica,9.7489,-83.7534,0.0,0.0,0.0,0.0,0.0,0.0,0.0,0.0,0.0,0.0,0.0,0.0,0.0,0.0,0.0,0.0,0.0,0.0,0.0,0.0,0.0,0.0,0.0,0.0,0.0,0.0,0.0,0.0,0.0,0.0,0.0,0.0,0.0,0.0,0.0,0.0,0.0,0.0,0.0,0.0,0.0,0.0,0.0,0.0,1.0,1.0,5.0,9.0,9.0,13.0,22.0,23.0,26.0,27.0,35.0,41.0,50.0,69.0,89.0,117.0,134.0,158.0,177.0,201.0,231.0
,Cote d'Ivoire,7.54,-5.5471,0.0,0.0,0.0,0.0,0.0,0.0,0.0,0.0,0.0,0.0,0.0,0.0,0.0,0.0,0.0,0.0,0.0,0.0,0.0,0.0,0.0,0.0,0.0,0.0,0.0,0.0,0.0,0.0,0.0,0.0,0.0,0.0,0.0,0.0,0.0,0.0,0.0,0.0,0.0,0.0,0.0,0.0,0.0,0.0,0.0,0.0,0.0,0.0,0.0,1.0,1.0,1.0,1.0,1.0,1.0,5.0,6.0,9.0,9.0,14.0,14.0,25.0,73.0,80.0,96.0
,Croatia,45.1,15.2,0.0,0.0,0.0,0.0,0.0,0.0,0.0,0.0,0.0,0.0,0.0,0.0,0.0,0.0,0.0,0.0,0.0,0.0,0.0,0.0,0.0,0.0,0.0,0.0,0.0,0.0,0.0,0.0,0.0,0.0,0.0,0.0,0.0,0.0,1.0,3.0,3.0,5.0,6.0,7.0,7.0,9.0,10.0,10.0,11.0,12.0,12.0,12.0,14.0,19.0,19.0,32.0,38.0,49.0,57.0,65.0,81.0,105.0,128.0,206.0,254.0,315.0,382.0,442.0,495.0
,Diamond Princess,0.0,0.0,0.0,0.0,0.0,0.0,0.0,0.0,0.0,0.0,0.0,0.0,0.0,0.0,0.0,0.0,0.0,0.0,61.0,61.0,64.0,135.0,135.0,175.0,175.0,218.0,285.0,355.0,454.0,542.0,621.0,634.0,634.0,634.0,691.0,691.0,691.0,705.0,705.0,705.0,705.0,705.0,705.0,706.0,706.0,706.0,706.0,706.0,706.0,706.0,706.0,706.0,706.0,706.0,706.0,706.0,706.0,706.0,712.0,712.0,712.0,712.0,712.0,712.0,712.0,712.0,712.0
,Cuba,22.0,-80.0,0.0,0.0,0.0,0.0,0.0,0.0,0.0,0.0,0.0,0.0,0.0,0.0,0.0,0.0,0.0,0.0,0.0,0.0,0.0,0.0,0.0,0.0,0.0,0.0,0.0,0.0,0.0,0.0,0.0,0.0,0.0,0.0,0.0,0.0,0.0,0.0,0.0,0.0,0.0,0.0,0.0,0.0,0.0,0.0,0.0,0.0,0.0,0.0,0.0,0.0,3.0,4.0,4.0,4.0,4.0,5.0,7.0,11.0,16.0,21.0,35.0,40.0,48.0,57.0,67.0
,Cyprus,35.1264,33.4299,0.0,0.0,0.0,0.0,0.0,0.0,0.0,0.0,0.0,0.0,0.0,0.0,0.0,0.0,0.0,0.0,0.0,0.0,0.0,0.0,0.0,0.0,0.0,0.0,0.0,0.0,0.0,0.0,0.0,0.0,0.0,0.0,0.0,0.0,0.0,0.0,0.0,0.0,0.0,0.0,0.0,0.0,0.0,0.0,0.0,0.0,0.0,2.0,3.0,6.0,6.0,14.0,26.0,26.0,33.0,46.0,49.0,67.0,67.0,84.0,95.0,116.0,124.0,132.0,146.0
,Czechia,49.8175,15.473,0.0,0.0,0.0,0.0,0.0,0.0,0.0,0.0,0.0,0.0,0.0,0.0,0.0,0.0,0.0,0.0,0.0,0.0,0.0,0.0,0.0,0.0,0.0,0.0,0.0,0.0,0.0,0.0,0.0,0.0,0.0,0.0,0.0,0.0,0.0,0.0,0.0,0.0,0.0,3.0,3.0,5.0,8.0,12.0,18.0,19.0,31.0,31.0,41.0,91.0,94.0,141.0,189.0,253.0,298.0,396.0,464.0,694.0,833.0,995.0,1120.0,1236.0,1394.0,1654.0,1925.0
Faroe Islands,Denmark,61.8926,-6.9118,0.0,0.0,0.0,0.0,0.0,0.0,0.0,0.0,0.0,0.0,0.0,0.0,0.0,0.0,0.0,0.0,0.0,0.0,0.0,0.0,0.0,0.0,0.0,0.0,0.0,0.0,0.0,0.0,0.0,0.0,0.0,0.0,0.0,0.0,0.0,0.0,0.0,0.0,0.0,0.0,0.0,0.0,1.0,1.0,1.0,1.0,2.0,2.0,2.0,2.0,2.0,3.0,9.0,11.0,18.0,47.0,58.0,72.0,80.0,92.0,115.0,118.0,122.0,132.0,140.0
Greenland,Denmark,71.7069,-42.6043,0.0,0.0,0.0,0.0,0.0,0.0,0.0,0.0,0.0,0.0,0.0,0.0,0.0,0.0,0.0,0.0,0.0,0.0,0.0,0.0,0.0,0.0,0.0,0.0,0.0,0.0,0.0,0.0,0.0,0.0,0.0,0.0,0.0,0.0,0.0,0.0,0.0,0.0,0.0,0.0,0.0,0.0,0.0,0.0,0.0,0.0,0.0,0.0,0.0,0.0,0.0,0.0,0.0,0.0,1.0,1.0,1.0,2.0,2.0,2.0,4.0,4.0,5.0,6.0,6.0
,Denmark,56.2639,9.5018,0.0,0.0,0.0,0.0,0.0,0.0,0.0,0.0,0.0,0.0,0.0,0.0,0.0,0.0,0.0,0.0,0.0,0.0,0.0,0.0,0.0,0.0,0.0,0.0,0.0,0.0,0.0,0.0,0.0,0.0,0.0,0.0,0.0,0.0,0.0,0.0,1.0,1.0,3.0,4.0,4.0,6.0,10.0,10.0,23.0,23.0,35.0,90.0,262.0,442.0,615.0,801.0,827.0,864.0,914.0,977.0,1057.0,1151.0,1255.0,1326.0,1395.0,1450.0,1591.0,1724.0,1877.0
,Djibouti,11.8251,42.5903,0.0,0.0,0.0,0.0,0.0,0.0,0.0,0.0,0.0,0.0,0.0,0.0,0.0,0.0,0.0,0.0,0.0,0.0,0.0,0.0,0.0,0.0,0.0,0.0,0.0,0.0,0.0,0.0,0.0,0.0,0.0,0.0,0.0,0.0,0.0,0.0,0.0,0.0,0.0,0.0,0.0,0.0,0.0,0.0,0.0,0.0,0.0,0.0,0.0,0.0,0.0,0.0,0.0,0.0,0.0,0.0,1.0,1.0,1.0,1.0,1.0,3.0,3.0,11.0,11.0
,Dominican Republic,18.7357,-70.1627,0.0,0.0,0.0,0.0,0.0,0.0,0.0,0.0,0.0,0.0,0.0,0.0,0.0,0.0,0.0,0.0,0.0,0.0,0.0,0.0,0.0,0.0,0.0,0.0,0.0,0.0,0.0,0.0,0.0,0.0,0.0,0.0,0.0,0.0,0.0,0.0,0.0,0.0,0.0,1.0,1.0,1.0,1.0,1.0,2.0,2.0,5.0,5.0,5.0,5.0,5.0,5.0,11.0,11.0,11.0,21.0,21.0,34.0,72.0,112.0,202.0,245.0,312.0,392.0,488.0
,Ecuador,-1.8312,-78.1834,0.0,0.0,0.0,0.0,0.0,0.0,0.0,0.0,0.0,0.0,0.0,0.0,0.0,0.0,0.0,0.0,0.0,0.0,0.0,0.0,0.0,0.0,0.0,0.0,0.0,0.0,0.0,0.0,0.0,0.0,0.0,0.0,0.0,0.0,0.0,0.0,0.0,0.0,0.0,6.0,6.0,7.0,10.0,13.0,13.0,13.0,14.0,15.0,15.0,17.0,17.0,17.0,28.0,28.0,37.0,58.0,111.0,199.0,367.0,506.0,789.0,981.0,1082.0,1173.0,1403.0
,Egypt,26.0,30.0,0.0,0.0,0.0,0.0,0.0,0.0,0.0,0.0,0.0,0.0,0.0,0.0,0.0,0.0,0.0,0.0,0.0,0.0,0.0,0.0,0.0,0.0,0.0,1.0,1.0,1.0,1.0,1.0,1.0,1.0,1.0,1.0,1.0,1.0,1.0,1.0,1.0,1.0,1.0,2.0,2.0,2.0,2.0,3.0,15.0,15.0,49.0,55.0,59.0,60.0,67.0,80.0,109.0,110.0,150.0,196.0,196.0,256.0,285.0,294.0,327.0,366.0,402.0,456.0,495.0
,El Salvador,13.7942,-88.8965,0.0,0.0,0.0,0.0,0.0,0.0,0.0,0.0,0.0,0.0,0.0,0.0,0.0,0.0,0.0,0.0,0.0,0.0,0.0,0.0,0.0,0.0,0.0,0.0,0.0,0.0,0.0,0.0,0.0,0.0,0.0,0.0,0.0,0.0,0.0,0.0,0.0,0.0,0.0,0.0,0.0,0.0,0.0,0.0,0.0,0.0,0.0,0.0,0.0,0.0,0.0,0.0,0.0,0.0,0.0,0.0,0.0,1.0,1.0,3.0,3.0,3.0,5.0,9.0,13.0
,Equatorial Guinea,1.5,10.0,0.0,0.0,0.0,0.0,0.0,0.0,0.0,0.0,0.0,0.0,0.0,0.0,0.0,0.0,0.0,0.0,0.0,0.0,0.0,0.0,0.0,0.0,0.0,0.0,0.0,0.0,0.0,0.0,0.0,0.0,0.0,0.0,0.0,0.0,0.0,0.0,0.0,0.0,0.0,0.0,0.0,0.0,0.0,0.0,0.0,0.0,0.0,0.0,0.0,0.0,0.0,0.0,0.0,1.0,1.0,1.0,4.0,6.0,6.0,6.0,6.0,9.0,9.0,9.0,12.0
,Eritrea,15.1794,39.7823,0.0,0.0,0.0,0.0,0.0,0.0,0.0,0.0,0.0,0.0,0.0,0.0,0.0,0.0,0.0,0.0,0.0,0.0,0.0,0.0,0.0,0.0,0.0,0.0,0.0,0.0,0.0,0.0,0.0,0.0,0.0,0.0,0.0,0.0,0.0,0.0,0.0,0.0,0.0,0.0,0.0,0.0,0.0,0.0,0.0,0.0,0.0,0.0,0.0,0.0,0.0,0.0,0.0,0.0,0.0,0.0,0.0,0.0,0.0,1.0,1.0,1.0,1.0,4.0,6.0
,Estonia,58.5953,25.0136,0.0,0.0,0.0,0.0,0.0,0.0,0.0,0.0,0.0,0.0,0.0,0.0,0.0,0.0,0.0,0.0,0.0,0.0,0.0,0.0,0.0,0.0,0.0,0.0,0.0,0.0,0.0,0.0,0.0,0.0,0.0,0.0,0.0,0.0,0.0,0.0,1.0,1.0,1.0,1.0,1.0,2.0,2.0,3.0,10.0,10.0,10.0,10.0,12.0,16.0,16.0,79.0,115.0,171.0,205.0,225.0,258.0,267.0,283.0,306.0,326.0,352.0,369.0,404.0,538.0
,Eswatini,-26.5225,31.4659,0.0,0.0,0.0,0.0,0.0,0.0,0.0,0.0,0.0,0.0,0.0,0.0,0.0,0.0,0.0,0.0,0.0,0.0,0.0,0.0,0.0,0.0,0.0,0.0,0.0,0.0,0.0,0.0,0.0,0.0,0.0,0.0,0.0,0.0,0.0,0.0,0.0,0.0,0.0,0.0,0.0,0.0,0.0,0.0,0.0,0.0,0.0,0.0,0.0,0.0,0.0,0.0,1.0,1.0,1.0,1.0,1.0,1.0,1.0,1.0,4.0,4.0,4.0,4.0,6.0
,Ethiopia,9.145,40.4897,0.0,0.0,0.0,0.0,0.0,0.0,0.0,0.0,0.0,0.0,0.0,0.0,0.0,0.0,0.0,0.0,0.0,0.0,0.0,0.0,0.0,0.0,0.0,0.0,0.0,0.0,0.0,0.0,0.0,0.0,0.0,0.0,0.0,0.0,0.0,0.0,0.0,0.0,0.0,0.0,0.0,0.0,0.0,0.0,0.0,0.0,0.0,0.0,0.0,0.0,0.0,1.0,1.0,1.0,5.0,5.0,6.0,6.0,9.0,9.0,11.0,11.0,12.0,12.0,12.0
,Fiji,-17.7134,178.065,0.0,0.0,0.0,0.0,0.0,0.0,0.0,0.0,0.0,0.0,0.0,0.0,0.0,0.0,0.0,0.0,0.0,0.0,0.0,0.0,0.0,0.0,0.0,0.0,0.0,0.0,0.0,0.0,0.0,0.0,0.0,0.0,0.0,0.0,0.0,0.0,0.0,0.0,0.0,0.0,0.0,0.0,0.0,0.0,0.0,0.0,0.0,0.0,0.0,0.0,0.0,0.0,0.0,0.0,0.0,0.0,0.0,1.0,1.0,1.0,2.0,3.0,4.0,5.0,5.0
,Finland,64.0,26.0,0.0,0.0,0.0,0.0,0.0,0.0,0.0,1.0,1.0,1.0,1.0,1.0,1.0,1.0,1.0,1.0,1.0,1.0,1.0,1.0,1.0,1.0,1.0,1.0,1.0,1.0,1.0,1.0,1.0,1.0,1.0,1.0,1.0,1.0,1.0,2.0,2.0,2.0,3.0,6.0,6.0,6.0,6.0,12.0,15.0,15.0,23.0,30.0,40.0,59.0,59.0,155.0,225.0,244.0,277.0,321.0,336.0,400.0,450.0,523.0,626.0,700.0,792.0,880.0,958.0
French Guiana,France,3.9339,-53.1258,0.0,0.0,0.0,0.0,0.0,0.0,0.0,0.0,0.0,0.0,0.0,0.0,0.0,0.0,0.0,0.0,0.0,0.0,0.0,0.0,0.0,0.0,0.0,0.0,0.0,0.0,0.0,0.0,0.0,0.0,0.0,0.0,0.0,0.0,0.0,0.0,0.0,0.0,0.0,0.0,0.0,0.0,0.0,0.0,0.0,5.0,5.0,5.0,5.0,5.0,5.0,5.0,5.0,7.0,11.0,11.0,11.0,11.0,15.0,18.0,18.0,20.0,23.0,28.0,28.0
French Polynesia,France,-17.6797,149.4068,0.0,0.0,0.0,0.0,0.0,0.0,0.0,0.0,0.0,0.0,0.0,0.0,0.0,0.0,0.0,0.0,0.0,0.0,0.0,0.0,0.0,0.0,0.0,0.0,0.0,0.0,0.0,0.0,0.0,0.0,0.0,0.0,0.0,0.0,0.0,0.0,0.0,0.0,0.0,0.0,0.0,0.0,0.0,0.0,0.0,0.0,0.0,0.0,0.0,0.0,0.0,3.0,3.0,3.0,3.0,3.0,3.0,6.0,11.0,15.0,18.0,18.0,25.0,25.0,30.0
Guadeloupe,France,16.25,-61.5833,0.0,0.0,0.0,0.0,0.0,0.0,0.0,0.0,0.0,0.0,0.0,0.0,0.0,0.0,0.0,0.0,0.0,0.0,0.0,0.0,0.0,0.0,0.0,0.0,0.0,0.0,0.0,0.0,0.0,0.0,0.0,0.0,0.0,0.0,0.0,0.0,0.0,0.0,0.0,0.0,0.0,0.0,0.0,0.0,0.0,0.0,0.0,0.0,0.0,0.0,0.0,1.0,1.0,3.0,6.0,18.0,27.0,33.0,45.0,53.0,58.0,62.0,62.0,73.0,73.0
Mayotte,France,-12.8275,45.1662,0.0,0.0,0.0,0.0,0.0,0.0,0.0,0.0,0.0,0.0,0.0,0.0,0.0,0.0,0.0,0.0,0.0,0.0,0.0,0.0,0.0,0.0,0.0,0.0,0.0,0.0,0.0,0.0,0.0,0.0,0.0,0.0,0.0,0.0,0.0,0.0,0.0,0.0,0.0,0.0,0.0,0.0,0.0,0.0,0.0,0.0,0.0,0.0,0.0,0.0,0.0,0.0,0.0,1.0,1.0,1.0,3.0,3.0,6.0,7.0,11.0,24.0,36.0,36.0,36.0
New Caledonia,France,-20.9043,165.618,0.0,0.0,0.0,0.0,0.0,0.0,0.0,0.0,0.0,0.0,0.0,0.0,0.0,0.0,0.0,0.0,0.0,0.0,0.0,0.0,0.0,0.0,0.0,0.0,0.0,0.0,0.0,0.0,0.0,0.0,0.0,0.0,0.0,0.0,0.0,0.0,0.0,0.0,0.0,0.0,0.0,0.0,0.0,0.0,0.0,0.0,0.0,0.0,0.0,0.0,0.0,0.0,0.0,0.0,0.0,0.0,0.0,2.0,2.0,4.0,4.0,8.0,10.0,14.0,14.0
Reunion,France,-21.1351,55.2471,0.0,0.0,0.0,0.0,0.0,0.0,0.0,0.0,0.0,0.0,0.0,0.0,0.0,0.0,0.0,0.0,0.0,0.0,0.0,0.0,0.0,0.0,0.0,0.0,0.0,0.0,0.0,0.0,0.0,0.0,0.0,0.0,0.0,0.0,0.0,0.0,0.0,0.0,0.0,0.0,0.0,0.0,0.0,0.0,0.0,0.0,0.0,0.0,0.0,1.0,1.0,5.0,6.0,7.0,9.0,9.0,12.0,14.0,28.0,45.0,64.0,71.0,94.0,111.0,135.0
Saint Barthelemy,France,17.9,-62.8333,0.0,0.0,0.0,0.0,0.0,0.0,0.0,0.0,0.0,0.0,0.0,0.0,0.0,0.0,0.0,0.0,0.0,0.0,0.0,0.0,0.0,0.0,0.0,0.0,0.0,0.0,0.0,0.0,0.0,0.0,0.0,0.0,0.0,0.0,0.0,0.0,0.0,0.0,0.0,0.0,0.0,0.0,3.0,3.0,3.0,3.0,3.0,1.0,1.0,1.0,1.0,1.0,1.0,1.0,3.0,3.0,3.0,3.0,3.0,3.0,3.0,3.0,3.0,3.0,3.0
St Martin,France,18.0708,-63.0501,0.0,0.0,0.0,0.0,0.0,0.0,0.0,0.0,0.0,0.0,0.0,0.0,0.0,0.0,0.0,0.0,0.0,0.0,0.0,0.0,0.0,0.0,0.0,0.0,0.0,0.0,0.0,0.0,0.0,0.0,0.0,0.0,0.0,0.0,0.0,0.0,0.0,0.0,0.0,0.0,0.0,0.0,0.0,0.0,0.0,0.0,0.0,2.0,2.0,2.0,2.0,2.0,2.0,2.0,2.0,2.0,3.0,4.0,4.0,4.0,5.0,8.0,8.0,11.0,11.0
Martinique,France,14.6415,-61.0242,0.0,0.0,0.0,0.0,0.0,0.0,0.0,0.0,0.0,0.0,0.0,0.0,0.0,0.0,0.0,0.0,0.0,0.0,0.0,0.0,0.0,0.0,0.0,0.0,0.0,0.0,0.0,0.0,0.0,0.0,0.0,0.0,0.0,0.0,0.0,0.0,0.0,0.0,0.0,0.0,0.0,0.0,0.0,0.0,0.0,2.0,2.0,2.0,2.0,3.0,3.0,3.0,9.0,9.0,15.0,16.0,19.0,23.0,32.0,32.0,44.0,53.0,57.0,66.0,66.0
,France,46.2276,2.2137,0.0,0.0,2.0,3.0,3.0,3.0,4.0,5.0,5.0,5.0,6.0,6.0,6.0,6.0,6.0,6.0,6.0,11.0,11.0,11.0,11.0,11.0,11.0,11.0,12.0,12.0,12.0,12.0,12.0,12.0,12.0,12.0,12.0,12.0,14.0,18.0,38.0,57.0,100.0,130.0,191.0,204.0,285.0,377.0,653.0,949.0,1126.0,1209.0,1784.0,2281.0,2281.0,3661.0,4469.0,4499.0,6633.0,7652.0,9043.0,10871.0,12612.0,14282.0,16018.0,19856.0,22304.0,25233.0,29155.0
,Gabon,-0.8037,11.6094,0.0,0.0,0.0,0.0,0.0,0.0,0.0,0.0,0.0,0.0,0.0,0.0,0.0,0.0,0.0,0.0,0.0,0.0,0.0,0.0,0.0,0.0,0.0,0.0,0.0,0.0,0.0,0.0,0.0,0.0,0.0,0.0,0.0,0.0,0.0,0.0,0.0,0.0,0.0,0.0,0.0,0.0,0.0,0.0,0.0,0.0,0.0,0.0,0.0,0.0,0.0,0.0,1.0,1.0,1.0,1.0,1.0,1.0,3.0,4.0,5.0,5.0,6.0,6.0,7.0
,Gambia,13.4432,-15.3101,0.0,0.0,0.0,0.0,0.0,0.0,0.0,0.0,0.0,0.0,0.0,0.0,0.0,0.0,0.0,0.0,0.0,0.0,0.0,0.0,0.0,0.0,0.0,0.0,0.0,0.0,0.0,0.0,0.0,0.0,0.0,0.0,0.0,0.0,0.0,0.0,0.0,0.0,0.0,0.0,0.0,0.0,0.0,0.0,0.0,0.0,0.0,0.0,0.0,0.0,0.0,0.0,0.0,0.0,0.0,1.0,1.0,1.0,1.0,1.0,1.0,2.0,3.0,3.0,3.0
,Georgia,42.3154,43.3569,0.0,0.0,0.0,0.0,0.0,0.0,0.0,0.0,0.0,0.0,0.0,0.0,0.0,0.0,0.0,0.0,0.0,0.0,0.0,0.0,0.0,0.0,0.0,0.0,0.0,0.0,0.0,0.0,0.0,0.0,0.0,0.0,0.0,0.0,0.0,1.0,1.0,1.0,1.0,3.0,3.0,3.0,3.0,4.0,4.0,4.0,13.0,15.0,15.0,24.0,24.0,25.0,30.0,33.0,33.0,34.0,38.0,40.0,43.0,49.0,54.0,61.0,70.0,75.0,79.0
,Germany,51.0,9.0,0.0,0.0,0.0,0.0,0.0,1.0,4.0,4.0,4.0,5.0,8.0,10.0,12.0,12.0,12.0,12.0,13.0,13.0,14.0,14.0,16.0,16.0,16.0,16.0,16.0,16.0,16.0,16.0,16.0,16.0,16.0,16.0,16.0,16.0,17.0,27.0,46.0,48.0,79.0,130.0,159.0,196.0,262.0,482.0,670.0,799.0,1040.0,1176.0,1457.0,1908.0,2078.0,3675.0,4585.0,5795.0,7272.0,9257.0,12327.0,15320.0,19848.0,22213.0,24873.0,29056.0,32986.0,37323.0,43938.0
,Ghana,7.9465,-1.0232,0.0,0.0,0.0,0.0,0.0,0.0,0.0,0.0,0.0,0.0,0.0,0.0,0.0,0.0,0.0,0.0,0.0,0.0,0.0,0.0,0.0,0.0,0.0,0.0,0.0,0.0,0.0,0.0,0.0,0.0,0.0,0.0,0.0,0.0,0.0,0.0,0.0,0.0,0.0,0.0,0.0,0.0,0.0,0.0,0.0,0.0,0.0,0.0,0.0,0.0,0.0,0.0,3.0,6.0,6.0,7.0,7.0,11.0,16.0,19.0,23.0,27.0,53.0,93.0,132.0
,Greece,39.0742,21.8243,0.0,0.0,0.0,0.0,0.0,0.0,0.0,0.0,0.0,0.0,0.0,0.0,0.0,0.0,0.0,0.0,0.0,0.0,0.0,0.0,0.0,0.0,0.0,0.0,0.0,0.0,0.0,0.0,0.0,0.0,0.0,0.0,0.0,0.0,0.0,1.0,3.0,4.0,4.0,7.0,7.0,7.0,9.0,31.0,45.0,46.0,73.0,73.0,89.0,99.0,99.0,190.0,228.0,331.0,331.0,387.0,418.0,418.0,495.0,530.0,624.0,695.0,743.0,821.0,892.0
,Guatemala,15.7835,-90.2308,0.0,0.0,0.0,0.0,0.0,0.0,0.0,0.0,0.0,0.0,0.0,0.0,0.0,0.0,0.0,0.0,0.0,0.0,0.0,0.0,0.0,0.0,0.0,0.0,0.0,0.0,0.0,0.0,0.0,0.0,0.0,0.0,0.0,0.0,0.0,0.0,0.0,0.0,0.0,0.0,0.0,0.0,0.0,0.0,0.0,0.0,0.0,0.0,0.0,0.0,0.0,0.0,1.0,1.0,2.0,6.0,6.0,9.0,12.0,17.0,19.0,20.0,21.0,24.0,25.0
,Guinea,9.9456,-9.6966,0.0,0.0,0.0,0.0,0.0,0.0,0.0,0.0,0.0,0.0,0.0,0.0,0.0,0.0,0.0,0.0,0.0,0.0,0.0,0.0,0.0,0.0,0.0,0.0,0.0,0.0,0.0,0.0,0.0,0.0,0.0,0.0,0.0,0.0,0.0,0.0,0.0,0.0,0.0,0.0,0.0,0.0,0.0,0.0,0.0,0.0,0.0,0.0,0.0,0.0,0.0,1.0,1.0,1.0,1.0,1.0,1.0,1.0,1.0,2.0,2.0,4.0,4.0,4.0,4.0
,Guyana,5.0,-58.75,0.0,0.0,0.0,0.0,0.0,0.0,0.0,0.0,0.0,0.0,0.0,0.0,0.0,0.0,0.0,0.0,0.0,0.0,0.0,0.0,0.0,0.0,0.0,0.0,0.0,0.0,0.0,0.0,0.0,0.0,0.0,0.0,0.0,0.0,0.0,0.0,0.0,0.0,0.0,0.0,0.0,0.0,0.0,0.0,0.0,0.0,0.0,0.0,0.0,0.0,1.0,1.0,1.0,4.0,4.0,7.0,7.0,7.0,7.0,7.0,19.0,20.0,5.0,5.0,5.0
,Haiti,18.9712,-72.2852,0.0,0.0,0.0,0.0,0.0,0.0,0.0,0.0,0.0,0.0,0.0,0.0,0.0,0.0,0.0,0.0,0.0,0.0,0.0,0.0,0.0,0.0,0.0,0.0,0.0,0.0,0.0,0.0,0.0,0.0,0.0,0.0,0.0,0.0,0.0,0.0,0.0,0.0,0.0,0.0,0.0,0.0,0.0,0.0,0.0,0.0,0.0,0.0,0.0,0.0,0.0,0.0,0.0,0.0,0.0,0.0,0.0,0.0,2.0,2.0,2.0,6.0,7.0,8.0,8.0
,Holy See,41.9029,12.4534,0.0,0.0,0.0,0.0,0.0,0.0,0.0,0.0,0.0,0.0,0.0,0.0,0.0,0.0,0.0,0.0,0.0,0.0,0.0,0.0,0.0,0.0,0.0,0.0,0.0,0.0,0.0,0.0,0.0,0.0,0.0,0.0,0.0,0.0,0.0,0.0,0.0,0.0,0.0,0.0,0.0,0.0,0.0,0.0,1.0,1.0,1.0,1.0,1.0,1.0,1.0,1.0,1.0,1.0,1.0,1.0,1.0,1.0,1.0,1.0,1.0,1.0,4.0,4.0,4.0
,Honduras,15.2,-86.2419,0.0,0.0,0.0,0.0,0.0,0.0,0.0,0.0,0.0,0.0,0.0,0.0,0.0,0.0,0.0,0.0,0.0,0.0,0.0,0.0,0.0,0.0,0.0,0.0,0.0,0.0,0.0,0.0,0.0,0.0,0.0,0.0,0.0,0.0,0.0,0.0,0.0,0.0,0.0,0.0,0.0,0.0,0.0,0.0,0.0,0.0,0.0,0.0,0.0,2.0,2.0,2.0,2.0,3.0,6.0,8.0,9.0,12.0,24.0,24.0,26.0,30.0,30.0,36.0,52.0
,Hungary,47.1625,19.5033,0.0,0.0,0.0,0.0,0.0,0.0,0.0,0.0,0.0,0.0,0.0,0.0,0.0,0.0,0.0,0.0,0.0,0.0,0.0,0.0,0.0,0.0,0.0,0.0,0.0,0.0,0.0,0.0,0.0,0.0,0.0,0.0,0.0,0.0,0.0,0.0,0.0,0.0,0.0,0.0,0.0,0.0,2.0,2.0,2.0,4.0,7.0,9.0,9.0,13.0,13.0,19.0,30.0,32.0,39.0,50.0,58.0,73.0,85.0,103.0,131.0,167.0,187.0,226.0,261.0
,Iceland,64.9631,-19.0208,0.0,0.0,0.0,0.0,0.0,0.0,0.0,0.0,0.0,0.0,0.0,0.0,0.0,0.0,0.0,0.0,0.0,0.0,0.0,0.0,0.0,0.0,0.0,0.0,0.0,0.0,0.0,0.0,0.0,0.0,0.0,0.0,0.0,0.0,0.0,0.0,0.0,1.0,1.0,3.0,6.0,11.0,26.0,34.0,43.0,50.0,50.0,58.0,69.0,85.0,103.0,134.0,156.0,171.0,180.0,220.0,250.0,330.0,409.0,473.0,568.0,588.0,648.0,737.0,802.0
,India,21.0,78.0,0.0,0.0,0.0,0.0,0.0,0.0,0.0,0.0,1.0,1.0,1.0,2.0,3.0,3.0,3.0,3.0,3.0,3.0,3.0,3.0,3.0,3.0,3.0,3.0,3.0,3.0,3.0,3.0,3.0,3.0,3.0,3.0,3.0,3.0,3.0,3.0,3.0,3.0,3.0,3.0,5.0,5.0,28.0,30.0,31.0,34.0,39.0,43.0,56.0,62.0,73.0,82.0,102.0,113.0,119.0,142.0,156.0,194.0,244.0,330.0,396.0,499.0,536.0,657.0,727.0
,Indonesia,-0.7893,113.9213,0.0,0.0,0.0,0.0,0.0,0.0,0.0,0.0,0.0,0.0,0.0,0.0,0.0,0.0,0.0,0.0,0.0,0.0,0.0,0.0,0.0,0.0,0.0,0.0,0.0,0.0,0.0,0.0,0.0,0.0,0.0,0.0,0.0,0.0,0.0,0.0,0.0,0.0,0.0,0.0,2.0,2.0,2.0,2.0,4.0,4.0,6.0,19.0,27.0,34.0,34.0,69.0,96.0,117.0,134.0,172.0,227.0,311.0,369.0,450.0,514.0,579.0,686.0,790.0,893.0
,Iran,32.0,53.0,0.0,0.0,0.0,0.0,0.0,0.0,0.0,0.0,0.0,0.0,0.0,0.0,0.0,0.0,0.0,0.0,0.0,0.0,0.0,0.0,0.0,0.0,0.0,0.0,0.0,0.0,0.0,0.0,2.0,5.0,18.0,28.0,43.0,61.0,95.0,139.0,245.0,388.0,593.0,978.0,1501.0,2336.0,2922.0,3513.0,4747.0,5823.0,6566.0,7161.0,8042.0,9000.0,10075.0,11364.0,12729.0,13938.0,14991.0,16169.0,17361.0,18407.0,19644.0,20610.0,21638.0,23049.0,24811.0,27017.0,29406.0
,Iraq,33.0,44.0,0.0,0.0,0.0,0.0,0.0,0.0,0.0,0.0,0.0,0.0,0.0,0.0,0.0,0.0,0.0,0.0,0.0,0.0,0.0,0.0,0.0,0.0,0.0,0.0,0.0,0.0,0.0,0.0,0.0,0.0,0.0,0.0,0.0,1.0,1.0,5.0,7.0,7.0,13.0,19.0,26.0,32.0,35.0,35.0,40.0,54.0,60.0,60.0,71.0,71.0,71.0,101.0,110.0,116.0,124.0,154.0,164.0,192.0,208.0,214.0,233.0,266.0,316.0,346.0,382.0
,Ireland,53.1424,-7.6921,0.0,0.0,0.0,0.0,0.0,0.0,0.0,0.0,0.0,0.0,0.0,0.0,0.0,0.0,0.0,0.0,0.0,0.0,0.0,0.0,0.0,0.0,0.0,0.0,0.0,0.0,0.0,0.0,0.0,0.0,0.0,0.0,0.0,0.0,0.0,0.0,0.0,0.0,1.0,1.0,1.0,2.0,6.0,6.0,18.0,18.0,19.0,21.0,34.0,43.0,43.0,90.0,129.0,129.0,169.0,223.0,292.0,557.0,683.0,785.0,906.0,1125.0,1329.0,1564.0,1819.0
,Israel,31.0,35.0,0.0,0.0,0.0,0.0,0.0,0.0,0.0,0.0,0.0,0.0,0.0,0.0,0.0,0.0,0.0,0.0,0.0,0.0,0.0,0.0,0.0,0.0,0.0,0.0,0.0,0.0,0.0,0.0,0.0,0.0,1.0,1.0,1.0,1.0,1.0,2.0,3.0,4.0,7.0,10.0,10.0,12.0,15.0,20.0,37.0,43.0,61.0,61.0,75.0,79.0,100.0,126.0,155.0,213.0,218.0,250.0,304.0,427.0,529.0,712.0,883.0,1071.0,1238.0,2369.0,2693.0
,Italy,43.0,12.0,0.0,0.0,0.0,0.0,0.0,0.0,0.0,0.0,0.0,2.0,2.0,2.0,2.0,2.0,2.0,2.0,3.0,3.0,3.0,3.0,3.0,3.0,3.0,3.0,3.0,3.0,3.0,3.0,3.0,3.0,20.0,62.0,155.0,229.0,322.0,453.0,655.0,888.0,1128.0,1694.0,2036.0,2502.0,3089.0,3858.0,4636.0,5883.0,7375.0,9172.0,10149.0,12462.0,12462.0,17660.0,21157.0,24747.0,27980.0,31506.0,35713.0,41035.0,47021.0,53578.0,59138.0,63927.0,69176.0,74386.0,80589.0
,Jamaica,18.1096,-77.2975,0.0,0.0,0.0,0.0,0.0,0.0,0.0,0.0,0.0,0.0,0.0,0.0,0.0,0.0,0.0,0.0,0.0,0.0,0.0,0.0,0.0,0.0,0.0,0.0,0.0,0.0,0.0,0.0,0.0,0.0,0.0,0.0,0.0,0.0,0.0,0.0,0.0,0.0,0.0,0.0,0.0,0.0,0.0,0.0,0.0,0.0,0.0,0.0,0.0,1.0,2.0,8.0,8.0,10.0,10.0,12.0,13.0,15.0,16.0,16.0,19.0,19.0,21.0,26.0,26.0
,Japan,36.0,138.0,2.0,2.0,2.0,2.0,4.0,4.0,7.0,7.0,11.0,15.0,20.0,20.0,20.0,22.0,22.0,22.0,25.0,25.0,26.0,26.0,26.0,28.0,28.0,29.0,43.0,59.0,66.0,74.0,84.0,94.0,105.0,122.0,147.0,159.0,170.0,189.0,214.0,228.0,241.0,256.0,274.0,293.0,331.0,360.0,420.0,461.0,502.0,511.0,581.0,639.0,639.0,701.0,773.0,839.0,839.0,878.0,889.0,924.0,963.0,1007.0,1101.0,1128.0,1193.0,1307.0,1387.0
,Jordan,31.24,36.51,0.0,0.0,0.0,0.0,0.0,0.0,0.0,0.0,0.0,0.0,0.0,0.0,0.0,0.0,0.0,0.0,0.0,0.0,0.0,0.0,0.0,0.0,0.0,0.0,0.0,0.0,0.0,0.0,0.0,0.0,0.0,0.0,0.0,0.0,0.0,0.0,0.0,0.0,0.0,0.0,0.0,1.0,1.0,1.0,1.0,1.0,1.0,1.0,1.0,1.0,1.0,1.0,1.0,8.0,17.0,34.0,52.0,69.0,85.0,85.0,112.0,127.0,154.0,172.0,212.0
,Kazakhstan,48.0196,66.9237,0.0,0.0,0.0,0.0,0.0,0.0,0.0,0.0,0.0,0.0,0.0,0.0,0.0,0.0,0.0,0.0,0.0,0.0,0.0,0.0,0.0,0.0,0.0,0.0,0.0,0.0,0.0,0.0,0.0,0.0,0.0,0.0,0.0,0.0,0.0,0.0,0.0,0.0,0.0,0.0,0.0,0.0,0.0,0.0,0.0,0.0,0.0,0.0,0.0,0.0,0.0,4.0,6.0,9.0,10.0,33.0,35.0,44.0,49.0,53.0,60.0,62.0,72.0,81.0,111.0
,Kenya,-0.0236,37.9062,0.0,0.0,0.0,0.0,0.0,0.0,0.0,0.0,0.0,0.0,0.0,0.0,0.0,0.0,0.0,0.0,0.0,0.0,0.0,0.0,0.0,0.0,0.0,0.0,0.0,0.0,0.0,0.0,0.0,0.0,0.0,0.0,0.0,0.0,0.0,0.0,0.0,0.0,0.0,0.0,0.0,0.0,0.0,0.0,0.0,0.0,0.0,0.0,0.0,0.0,0.0,1.0,1.0,3.0,3.0,3.0,3.0,7.0,7.0,7.0,15.0,16.0,25.0,28.0,31.0
,"Korea, South",36.0,128.0,1.0,1.0,2.0,2.0,3.0,4.0,4.0,4.0,4.0,11.0,12.0,15.0,15.0,16.0,19.0,23.0,24.0,24.0,25.0,27.0,28.0,28.0,28.0,28.0,28.0,29.0,30.0,31.0,31.0,104.0,204.0,433.0,602.0,833.0,977.0,1261.0,1766.0,2337.0,3150.0,3736.0,4335.0,5186.0,5621.0,6088.0,6593.0,7041.0,7314.0,7478.0,7513.0,7755.0,7869.0,7979.0,8086.0,8162.0,8236.0,8320.0,8413.0,8565.0,8652.0,8799.0,8961.0,8961.0,9037.0,9137.0,9241.0
,Kuwait,29.5,47.75,0.0,0.0,0.0,0.0,0.0,0.0,0.0,0.0,0.0,0.0,0.0,0.0,0.0,0.0,0.0,0.0,0.0,0.0,0.0,0.0,0.0,0.0,0.0,0.0,0.0,0.0,0.0,0.0,0.0,0.0,0.0,0.0,0.0,1.0,11.0,26.0,43.0,45.0,45.0,45.0,56.0,56.0,56.0,58.0,58.0,61.0,64.0,64.0,69.0,72.0,80.0,80.0,104.0,112.0,123.0,130.0,142.0,148.0,159.0,176.0,188.0,189.0,191.0,195.0,208.0
,Kyrgyzstan,41.2044,74.7661,0.0,0.0,0.0,0.0,0.0,0.0,0.0,0.0,0.0,0.0,0.0,0.0,0.0,0.0,0.0,0.0,0.0,0.0,0.0,0.0,0.0,0.0,0.0,0.0,0.0,0.0,0.0,0.0,0.0,0.0,0.0,0.0,0.0,0.0,0.0,0.0,0.0,0.0,0.0,0.0,0.0,0.0,0.0,0.0,0.0,0.0,0.0,0.0,0.0,0.0,0.0,0.0,0.0,0.0,0.0,0.0,3.0,3.0,6.0,14.0,14.0,16.0,42.0,44.0,44.0
,Latvia,56.8796,24.6032,0.0,0.0,0.0,0.0,0.0,0.0,0.0,0.0,0.0,0.0,0.0,0.0,0.0,0.0,0.0,0.0,0.0,0.0,0.0,0.0,0.0,0.0,0.0,0.0,0.0,0.0,0.0,0.0,0.0,0.0,0.0,0.0,0.0,0.0,0.0,0.0,0.0,0.0,0.0,0.0,1.0,1.0,1.0,1.0,1.0,1.0,2.0,6.0,8.0,10.0,10.0,17.0,26.0,30.0,34.0,49.0,71.0,86.0,111.0,124.0,139.0,180.0,197.0,221.0,244.0
,Lebanon,33.8547,35.8623,0.0,0.0,0.0,0.0,0.0,0.0,0.0,0.0,0.0,0.0,0.0,0.0,0.0,0.0,0.0,0.0,0.0,0.0,0.0,0.0,0.0,0.0,0.0,0.0,0.0,0.0,0.0,0.0,0.0,0.0,1.0,1.0,1.0,1.0,1.0,2.0,2.0,2.0,4.0,10.0,13.0,13.0,13.0,16.0,22.0,22.0,32.0,32.0,41.0,61.0,61.0,77.0,93.0,110.0,110.0,120.0,133.0,157.0,163.0,187.0,248.0,267.0,318.0,333.0,368.0
,Liberia,6.4281,-9.4295,0.0,0.0,0.0,0.0,0.0,0.0,0.0,0.0,0.0,0.0,0.0,0.0,0.0,0.0,0.0,0.0,0.0,0.0,0.0,0.0,0.0,0.0,0.0,0.0,0.0,0.0,0.0,0.0,0.0,0.0,0.0,0.0,0.0,0.0,0.0,0.0,0.0,0.0,0.0,0.0,0.0,0.0,0.0,0.0,0.0,0.0,0.0,0.0,0.0,0.0,0.0,0.0,0.0,0.0,1.0,1.0,2.0,2.0,2.0,3.0,3.0,3.0,3.0,3.0,3.0
,Liechtenstein,47.14,9.55,0.0,0.0,0.0,0.0,0.0,0.0,0.0,0.0,0.0,0.0,0.0,0.0,0.0,0.0,0.0,0.0,0.0,0.0,0.0,0.0,0.0,0.0,0.0,0.0,0.0,0.0,0.0,0.0,0.0,0.0,0.0,0.0,0.0,0.0,0.0,0.0,0.0,0.0,0.0,0.0,0.0,0.0,1.0,1.0,1.0,1.0,1.0,1.0,1.0,1.0,1.0,1.0,4.0,4.0,4.0,7.0,28.0,28.0,28.0,37.0,37.0,51.0,51.0,51.0,56.0
,Lithuania,55.1694,23.8813,0.0,0.0,0.0,0.0,0.0,0.0,0.0,0.0,0.0,0.0,0.0,0.0,0.0,0.0,0.0,0.0,0.0,0.0,0.0,0.0,0.0,0.0,0.0,0.0,0.0,0.0,0.0,0.0,0.0,0.0,0.0,0.0,0.0,0.0,0.0,0.0,0.0,1.0,1.0,1.0,1.0,1.0,1.0,1.0,1.0,1.0,1.0,1.0,1.0,3.0,3.0,6.0,8.0,12.0,17.0,25.0,27.0,36.0,49.0,83.0,143.0,179.0,209.0,274.0,299.0
,Luxembourg,49.8153,6.1296,0.0,0.0,0.0,0.0,0.0,0.0,0.0,0.0,0.0,0.0,0.0,0.0,0.0,0.0,0.0,0.0,0.0,0.0,0.0,0.0,0.0,0.0,0.0,0.0,0.0,0.0,0.0,0.0,0.0,0.0,0.0,0.0,0.0,0.0,0.0,0.0,0.0,0.0,1.0,1.0,1.0,1.0,1.0,1.0,2.0,2.0,3.0,3.0,5.0,7.0,19.0,34.0,51.0,59.0,77.0,140.0,203.0,335.0,484.0,670.0,798.0,875.0,1099.0,1333.0,1453.0
,Madagascar,-18.7669,46.8691,0.0,0.0,0.0,0.0,0.0,0.0,0.0,0.0,0.0,0.0,0.0,0.0,0.0,0.0,0.0,0.0,0.0,0.0,0.0,0.0,0.0,0.0,0.0,0.0,0.0,0.0,0.0,0.0,0.0,0.0,0.0,0.0,0.0,0.0,0.0,0.0,0.0,0.0,0.0,0.0,0.0,0.0,0.0,0.0,0.0,0.0,0.0,0.0,0.0,0.0,0.0,0.0,0.0,0.0,0.0,0.0,0.0,0.0,3.0,3.0,3.0,12.0,17.0,19.0,23.0
,Malaysia,2.5,112.5,0.0,0.0,0.0,3.0,4.0,4.0,4.0,7.0,8.0,8.0,8.0,8.0,8.0,10.0,12.0,12.0,12.0,16.0,16.0,18.0,18.0,18.0,19.0,19.0,22.0,22.0,22.0,22.0,22.0,22.0,22.0,22.0,22.0,22.0,22.0,22.0,23.0,23.0,25.0,29.0,29.0,36.0,50.0,50.0,83.0,93.0,99.0,117.0,129.0,149.0,149.0,197.0,238.0,428.0,566.0,673.0,790.0,900.0,1030.0,1183.0,1306.0,1518.0,1624.0,1796.0,2031.0
,Maldives,3.2028,73.2207,0.0,0.0,0.0,0.0,0.0,0.0,0.0,0.0,0.0,0.0,0.0,0.0,0.0,0.0,0.0,0.0,0.0,0.0,0.0,0.0,0.0,0.0,0.0,0.0,0.0,0.0,0.0,0.0,0.0,0.0,0.0,0.0,0.0,0.0,0.0,0.0,0.0,0.0,0.0,0.0,0.0,0.0,0.0,0.0,0.0,0.0,4.0,4.0,6.0,8.0,8.0,9.0,10.0,13.0,13.0,13.0,13.0,13.0,13.0,13.0,13.0,13.0,13.0,13.0,13.0
,Malta,35.9375,14.3754,0.0,0.0,0.0,0.0,0.0,0.0,0.0,0.0,0.0,0.0,0.0,0.0,0.0,0.0,0.0,0.0,0.0,0.0,0.0,0.0,0.0,0.0,0.0,0.0,0.0,0.0,0.0,0.0,0.0,0.0,0.0,0.0,0.0,0.0,0.0,0.0,0.0,0.0,0.0,0.0,0.0,0.0,0.0,0.0,0.0,3.0,3.0,3.0,5.0,6.0,6.0,12.0,18.0,21.0,30.0,38.0,38.0,53.0,64.0,73.0,90.0,107.0,110.0,129.0,134.0
,Mauritania,21.0079,10.9408,0.0,0.0,0.0,0.0,0.0,0.0,0.0,0.0,0.0,0.0,0.0,0.0,0.0,0.0,0.0,0.0,0.0,0.0,0.0,0.0,0.0,0.0,0.0,0.0,0.0,0.0,0.0,0.0,0.0,0.0,0.0,0.0,0.0,0.0,0.0,0.0,0.0,0.0,0.0,0.0,0.0,0.0,0.0,0.0,0.0,0.0,0.0,0.0,0.0,0.0,0.0,0.0,1.0,1.0,1.0,1.0,1.0,2.0,2.0,2.0,2.0,2.0,2.0,2.0,3.0
,Mauritius,-20.2,57.5,0.0,0.0,0.0,0.0,0.0,0.0,0.0,0.0,0.0,0.0,0.0,0.0,0.0,0.0,0.0,0.0,0.0,0.0,0.0,0.0,0.0,0.0,0.0,0.0,0.0,0.0,0.0,0.0,0.0,0.0,0.0,0.0,0.0,0.0,0.0,0.0,0.0,0.0,0.0,0.0,0.0,0.0,0.0,0.0,0.0,0.0,0.0,0.0,0.0,0.0,0.0,0.0,0.0,0.0,0.0,0.0,3.0,3.0,12.0,14.0,28.0,36.0,42.0,48.0,81.0
,Mexico,23.6345,-102.5528,0.0,0.0,0.0,0.0,0.0,0.0,0.0,0.0,0.0,0.0,0.0,0.0,0.0,0.0,0.0,0.0,0.0,0.0,0.0,0.0,0.0,0.0,0.0,0.0,0.0,0.0,0.0,0.0,0.0,0.0,0.0,0.0,0.0,0.0,0.0,0.0,0.0,1.0,4.0,5.0,5.0,5.0,5.0,5.0,6.0,6.0,7.0,7.0,7.0,8.0,12.0,12.0,26.0,41.0,53.0,82.0,93.0,118.0,164.0,203.0,251.0,316.0,367.0,405.0,475.0
,Moldova,47.4116,28.3699,0.0,0.0,0.0,0.0,0.0,0.0,0.0,0.0,0.0,0.0,0.0,0.0,0.0,0.0,0.0,0.0,0.0,0.0,0.0,0.0,0.0,0.0,0.0,0.0,0.0,0.0,0.0,0.0,0.0,0.0,0.0,0.0,0.0,0.0,0.0,0.0,0.0,0.0,0.0,0.0,0.0,0.0,0.0,0.0,0.0,0.0,1.0,1.0,3.0,3.0,3.0,6.0,12.0,23.0,23.0,30.0,30.0,49.0,66.0,80.0,94.0,109.0,125.0,149.0,177.0
,Monaco,43.7333,7.4167,0.0,0.0,0.0,0.0,0.0,0.0,0.0,0.0,0.0,0.0,0.0,0.0,0.0,0.0,0.0,0.0,0.0,0.0,0.0,0.0,0.0,0.0,0.0,0.0,0.0,0.0,0.0,0.0,0.0,0.0,0.0,0.0,0.0,0.0,0.0,0.0,0.0,0.0,1.0,1.0,1.0,1.0,1.0,1.0,1.0,1.0,1.0,1.0,1.0,1.0,2.0,2.0,2.0,2.0,7.0,7.0,7.0,7.0,11.0,11.0,23.0,23.0,23.0,31.0,33.0
,Mongolia,46.8625,103.8467,0.0,0.0,0.0,0.0,0.0,0.0,0.0,0.0,0.0,0.0,0.0,0.0,0.0,0.0,0.0,0.0,0.0,0.0,0.0,0.0,0.0,0.0,0.0,0.0,0.0,0.0,0.0,0.0,0.0,0.0,0.0,0.0,0.0,0.0,0.0,0.0,0.0,0.0,0.0,0.0,0.0,0.0,0.0,0.0,0.0,0.0,0.0,0.0,1.0,1.0,1.0,1.0,1.0,1.0,1.0,5.0,6.0,6.0,6.0,10.0,10.0,10.0,10.0,10.0,11.0
,Montenegro,42.5,19.3,0.0,0.0,0.0,0.0,0.0,0.0,0.0,0.0,0.0,0.0,0.0,0.0,0.0,0.0,0.0,0.0,0.0,0.0,0.0,0.0,0.0,0.0,0.0,0.0,0.0,0.0,0.0,0.0,0.0,0.0,0.0,0.0,0.0,0.0,0.0,0.0,0.0,0.0,0.0,0.0,0.0,0.0,0.0,0.0,0.0,0.0,0.0,0.0,0.0,0.0,0.0,0.0,0.0,0.0,0.0,2.0,2.0,3.0,14.0,14.0,21.0,27.0,47.0,52.0,69.0
,Morocco,31.7917,-7.0926,0.0,0.0,0.0,0.0,0.0,0.0,0.0,0.0,0.0,0.0,0.0,0.0,0.0,0.0,0.0,0.0,0.0,0.0,0.0,0.0,0.0,0.0,0.0,0.0,0.0,0.0,0.0,0.0,0.0,0.0,0.0,0.0,0.0,0.0,0.0,0.0,0.0,0.0,0.0,0.0,1.0,1.0,1.0,2.0,2.0,2.0,2.0,2.0,3.0,5.0,6.0,7.0,17.0,28.0,29.0,38.0,49.0,63.0,77.0,96.0,115.0,143.0,170.0,225.0,275.0
,Namibia,-22.9576,18.4904,0.0,0.0,0.0,0.0,0.0,0.0,0.0,0.0,0.0,0.0,0.0,0.0,0.0,0.0,0.0,0.0,0.0,0.0,0.0,0.0,0.0,0.0,0.0,0.0,0.0,0.0,0.0,0.0,0.0,0.0,0.0,0.0,0.0,0.0,0.0,0.0,0.0,0.0,0.0,0.0,0.0,0.0,0.0,0.0,0.0,0.0,0.0,0.0,0.0,0.0,0.0,0.0,2.0,2.0,2.0,2.0,2.0,3.0,3.0,3.0,3.0,4.0,7.0,7.0,8.0
,Nepal,28.1667,84.25,0.0,0.0,0.0,1.0,1.0,1.0,1.0,1.0,1.0,1.0,1.0,1.0,1.0,1.0,1.0,1.0,1.0,1.0,1.0,1.0,1.0,1.0,1.0,1.0,1.0,1.0,1.0,1.0,1.0,1.0,1.0,1.0,1.0,1.0,1.0,1.0,1.0,1.0,1.0,1.0,1.0,1.0,1.0,1.0,1.0,1.0,1.0,1.0,1.0,1.0,1.0,1.0,1.0,1.0,1.0,1.0,1.0,1.0,1.0,1.0,1.0,2.0,2.0,3.0,3.0
Aruba,Netherlands,12.5186,-70.0358,0.0,0.0,0.0,0.0,0.0,0.0,0.0,0.0,0.0,0.0,0.0,0.0,0.0,0.0,0.0,0.0,0.0,0.0,0.0,0.0,0.0,0.0,0.0,0.0,0.0,0.0,0.0,0.0,0.0,0.0,0.0,0.0,0.0,0.0,0.0,0.0,0.0,0.0,0.0,0.0,0.0,0.0,0.0,0.0,0.0,0.0,0.0,0.0,0.0,0.0,0.0,2.0,2.0,2.0,2.0,3.0,4.0,4.0,5.0,5.0,9.0,9.0,12.0,17.0,28.0
Curacao,Netherlands,12.1696,-68.99,0.0,0.0,0.0,0.0,0.0,0.0,0.0,0.0,0.0,0.0,0.0,0.0,0.0,0.0,0.0,0.0,0.0,0.0,0.0,0.0,0.0,0.0,0.0,0.0,0.0,0.0,0.0,0.0,0.0,0.0,0.0,0.0,0.0,0.0,0.0,0.0,0.0,0.0,0.0,0.0,0.0,0.0,0.0,0.0,0.0,0.0,0.0,0.0,0.0,0.0,0.0,0.0,1.0,1.0,1.0,3.0,3.0,3.0,3.0,3.0,3.0,4.0,6.0,6.0,6.0
Sint Maarten,Netherlands,18.0425,-63.0548,0.0,0.0,0.0,0.0,0.0,0.0,0.0,0.0,0.0,0.0,0.0,0.0,0.0,0.0,0.0,0.0,0.0,0.0,0.0,0.0,0.0,0.0,0.0,0.0,0.0,0.0,0.0,0.0,0.0,0.0,0.0,0.0,0.0,0.0,0.0,0.0,0.0,0.0,0.0,0.0,0.0,0.0,0.0,0.0,0.0,0.0,0.0,0.0,0.0,0.0,0.0,0.0,0.0,0.0,0.0,0.0,0.0,0.0,1.0,1.0,1.0,2.0,2.0,3.0,3.0
,Netherlands,52.1326,5.2913,0.0,0.0,0.0,0.0,0.0,0.0,0.0,0.0,0.0,0.0,0.0,0.0,0.0,0.0,0.0,0.0,0.0,0.0,0.0,0.0,0.0,0.0,0.0,0.0,0.0,0.0,0.0,0.0,0.0,0.0,0.0,0.0,0.0,0.0,0.0,0.0,1.0,1.0,6.0,10.0,18.0,24.0,38.0,82.0,128.0,188.0,265.0,321.0,382.0,503.0,503.0,804.0,959.0,1135.0,1413.0,1705.0,2051.0,2460.0,2994.0,3631.0,4204.0,4749.0,5560.0,6412.0,7431.0
,New Zealand,-40.9006,174.886,0.0,0.0,0.0,0.0,0.0,0.0,0.0,0.0,0.0,0.0,0.0,0.0,0.0,0.0,0.0,0.0,0.0,0.0,0.0,0.0,0.0,0.0,0.0,0.0,0.0,0.0,0.0,0.0,0.0,0.0,0.0,0.0,0.0,0.0,0.0,0.0,0.0,1.0,1.0,1.0,1.0,1.0,3.0,3.0,4.0,5.0,5.0,5.0,5.0,5.0,5.0,5.0,6.0,8.0,8.0,12.0,20.0,28.0,39.0,52.0,102.0,102.0,155.0,205.0,283.0
,Nicaragua,12.8654,-85.2072,0.0,0.0,0.0,0.0,0.0,0.0,0.0,0.0,0.0,0.0,0.0,0.0,0.0,0.0,0.0,0.0,0.0,0.0,0.0,0.0,0.0,0.0,0.0,0.0,0.0,0.0,0.0,0.0,0.0,0.0,0.0,0.0,0.0,0.0,0.0,0.0,0.0,0.0,0.0,0.0,0.0,0.0,0.0,0.0,0.0,0.0,0.0,0.0,0.0,0.0,0.0,0.0,0.0,0.0,0.0,0.0,0.0,1.0,1.0,2.0,2.0,2.0,2.0,2.0,2.0
,Niger,17.6078,8.0817,0.0,0.0,0.0,0.0,0.0,0.0,0.0,0.0,0.0,0.0,0.0,0.0,0.0,0.0,0.0,0.0,0.0,0.0,0.0,0.0,0.0,0.0,0.0,0.0,0.0,0.0,0.0,0.0,0.0,0.0,0.0,0.0,0.0,0.0,0.0,0.0,0.0,0.0,0.0,0.0,0.0,0.0,0.0,0.0,0.0,0.0,0.0,0.0,0.0,0.0,0.0,0.0,0.0,0.0,0.0,0.0,0.0,0.0,1.0,1.0,2.0,3.0,3.0,7.0,10.0
,Nigeria,9.082,8.6753,0.0,0.0,0.0,0.0,0.0,0.0,0.0,0.0,0.0,0.0,0.0,0.0,0.0,0.0,0.0,0.0,0.0,0.0,0.0,0.0,0.0,0.0,0.0,0.0,0.0,0.0,0.0,0.0,0.0,0.0,0.0,0.0,0.0,0.0,0.0,0.0,0.0,1.0,1.0,1.0,1.0,1.0,1.0,1.0,1.0,1.0,1.0,2.0,2.0,2.0,2.0,2.0,2.0,2.0,2.0,3.0,8.0,8.0,12.0,22.0,30.0,40.0,44.0,51.0,65.0
,North Macedonia,41.6086,21.7453,0.0,0.0,0.0,0.0,0.0,0.0,0.0,0.0,0.0,0.0,0.0,0.0,0.0,0.0,0.0,0.0,0.0,0.0,0.0,0.0,0.0,0.0,0.0,0.0,0.0,0.0,0.0,0.0,0.0,0.0,0.0,0.0,0.0,0.0,0.0,1.0,1.0,1.0,1.0,1.0,1.0,1.0,1.0,1.0,3.0,3.0,3.0,3.0,7.0,7.0,7.0,14.0,14.0,14.0,18.0,26.0,35.0,48.0,67.0,85.0,115.0,136.0,148.0,177.0,201.0
,Norway,60.472,8.4689,0.0,0.0,0.0,0.0,0.0,0.0,0.0,0.0,0.0,0.0,0.0,0.0,0.0,0.0,0.0,0.0,0.0,0.0,0.0,0.0,0.0,0.0,0.0,0.0,0.0,0.0,0.0,0.0,0.0,0.0,0.0,0.0,0.0,0.0,0.0,1.0,1.0,6.0,15.0,19.0,25.0,32.0,56.0,87.0,108.0,147.0,176.0,205.0,400.0,598.0,702.0,996.0,1090.0,1221.0,1333.0,1463.0,1550.0,1746.0,1914.0,2118.0,2385.0,2621.0,2863.0,3084.0,3369.0
,Oman,21.0,57.0,0.0,0.0,0.0,0.0,0.0,0.0,0.0,0.0,0.0,0.0,0.0,0.0,0.0,0.0,0.0,0.0,0.0,0.0,0.0,0.0,0.0,0.0,0.0,0.0,0.0,0.0,0.0,0.0,0.0,0.0,0.0,0.0,0.0,2.0,2.0,4.0,4.0,4.0,6.0,6.0,6.0,12.0,15.0,16.0,16.0,16.0,16.0,16.0,18.0,18.0,18.0,19.0,19.0,22.0,22.0,24.0,39.0,48.0,48.0,52.0,55.0,66.0,84.0,99.0,109.0
,Pakistan,30.3753,69.3451,0.0,0.0,0.0,0.0,0.0,0.0,0.0,0.0,0.0,0.0,0.0,0.0,0.0,0.0,0.0,0.0,0.0,0.0,0.0,0.0,0.0,0.0,0.0,0.0,0.0,0.0,0.0,0.0,0.0,0.0,0.0,0.0,0.0,0.0,0.0,2.0,2.0,2.0,4.0,4.0,4.0,5.0,5.0,5.0,6.0,6.0,6.0,6.0,16.0,19.0,20.0,28.0,31.0,53.0,136.0,236.0,299.0,454.0,501.0,730.0,776.0,875.0,972.0,1063.0,1201.0
,Panama,8.538,-80.7821,0.0,0.0,0.0,0.0,0.0,0.0,0.0,0.0,0.0,0.0,0.0,0.0,0.0,0.0,0.0,0.0,0.0,0.0,0.0,0.0,0.0,0.0,0.0,0.0,0.0,0.0,0.0,0.0,0.0,0.0,0.0,0.0,0.0,0.0,0.0,0.0,0.0,0.0,0.0,0.0,0.0,0.0,0.0,0.0,0.0,0.0,0.0,0.0,1.0,8.0,11.0,27.0,36.0,43.0,55.0,69.0,86.0,109.0,137.0,200.0,313.0,345.0,345.0,443.0,558.0
,Papua New Guinea,-6.315,143.9555,0.0,0.0,0.0,0.0,0.0,0.0,0.0,0.0,0.0,0.0,0.0,0.0,0.0,0.0,0.0,0.0,0.0,0.0,0.0,0.0,0.0,0.0,0.0,0.0,0.0,0.0,0.0,0.0,0.0,0.0,0.0,0.0,0.0,0.0,0.0,0.0,0.0,0.0,0.0,0.0,0.0,0.0,0.0,0.0,0.0,0.0,0.0,0.0,0.0,0.0,0.0,0.0,0.0,0.0,0.0,0.0,0.0,0.0,1.0,1.0,1.0,1.0,1.0,1.0,1.0
,Paraguay,-23.4425,-58.4438,0.0,0.0,0.0,0.0,0.0,0.0,0.0,0.0,0.0,0.0,0.0,0.0,0.0,0.0,0.0,0.0,0.0,0.0,0.0,0.0,0.0,0.0,0.0,0.0,0.0,0.0,0.0,0.0,0.0,0.0,0.0,0.0,0.0,0.0,0.0,0.0,0.0,0.0,0.0,0.0,0.0,0.0,0.0,0.0,0.0,0.0,1.0,1.0,1.0,5.0,5.0,6.0,6.0,6.0,8.0,9.0,11.0,11.0,13.0,18.0,22.0,22.0,27.0,37.0,41.0
,Peru,-9.19,-75.0152,0.0,0.0,0.0,0.0,0.0,0.0,0.0,0.0,0.0,0.0,0.0,0.0,0.0,0.0,0.0,0.0,0.0,0.0,0.0,0.0,0.0,0.0,0.0,0.0,0.0,0.0,0.0,0.0,0.0,0.0,0.0,0.0,0.0,0.0,0.0,0.0,0.0,0.0,0.0,0.0,0.0,0.0,0.0,0.0,1.0,1.0,6.0,7.0,11.0,11.0,15.0,28.0,38.0,43.0,86.0,117.0,145.0,234.0,234.0,318.0,363.0,395.0,416.0,480.0,580.0
,Philippines,13.0,122.0,0.0,0.0,0.0,0.0,0.0,0.0,0.0,0.0,1.0,1.0,1.0,2.0,2.0,2.0,2.0,2.0,3.0,3.0,3.0,3.0,3.0,3.0,3.0,3.0,3.0,3.0,3.0,3.0,3.0,3.0,3.0,3.0,3.0,3.0,3.0,3.0,3.0,3.0,3.0,3.0,3.0,3.0,3.0,3.0,5.0,6.0,10.0,20.0,33.0,49.0,52.0,64.0,111.0,140.0,142.0,187.0,202.0,217.0,230.0,307.0,380.0,462.0,552.0,636.0,707.0
,Poland,51.9194,19.1451,0.0,0.0,0.0,0.0,0.0,0.0,0.0,0.0,0.0,0.0,0.0,0.0,0.0,0.0,0.0,0.0,0.0,0.0,0.0,0.0,0.0,0.0,0.0,0.0,0.0,0.0,0.0,0.0,0.0,0.0,0.0,0.0,0.0,0.0,0.0,0.0,0.0,0.0,0.0,0.0,0.0,0.0,1.0,1.0,5.0,5.0,11.0,16.0,22.0,31.0,49.0,68.0,103.0,119.0,177.0,238.0,251.0,355.0,425.0,536.0,634.0,749.0,901.0,1051.0,1221.0
,Portugal,39.3999,-8.2245,0.0,0.0,0.0,0.0,0.0,0.0,0.0,0.0,0.0,0.0,0.0,0.0,0.0,0.0,0.0,0.0,0.0,0.0,0.0,0.0,0.0,0.0,0.0,0.0,0.0,0.0,0.0,0.0,0.0,0.0,0.0,0.0,0.0,0.0,0.0,0.0,0.0,0.0,0.0,0.0,2.0,2.0,5.0,8.0,13.0,20.0,30.0,30.0,41.0,59.0,59.0,112.0,169.0,245.0,331.0,448.0,448.0,785.0,1020.0,1280.0,1600.0,2060.0,2362.0,2995.0,3544.0
,Qatar,25.3548,51.1839,0.0,0.0,0.0,0.0,0.0,0.0,0.0,0.0,0.0,0.0,0.0,0.0,0.0,0.0,0.0,0.0,0.0,0.0,0.0,0.0,0.0,0.0,0.0,0.0,0.0,0.0,0.0,0.0,0.0,0.0,0.0,0.0,0.0,0.0,0.0,0.0,0.0,0.0,1.0,3.0,3.0,7.0,8.0,8.0,8.0,8.0,15.0,18.0,24.0,262.0,262.0,320.0,337.0,401.0,439.0,439.0,452.0,460.0,470.0,481.0,494.0,501.0,526.0,537.0,549.0
,Romania,45.9432,24.9668,0.0,0.0,0.0,0.0,0.0,0.0,0.0,0.0,0.0,0.0,0.0,0.0,0.0,0.0,0.0,0.0,0.0,0.0,0.0,0.0,0.0,0.0,0.0,0.0,0.0,0.0,0.0,0.0,0.0,0.0,0.0,0.0,0.0,0.0,0.0,1.0,1.0,3.0,3.0,3.0,3.0,3.0,4.0,6.0,9.0,9.0,15.0,15.0,25.0,45.0,49.0,89.0,123.0,131.0,158.0,184.0,260.0,277.0,308.0,367.0,433.0,576.0,794.0,906.0,1029.0
,Russia,60.0,90.0,0.0,0.0,0.0,0.0,0.0,0.0,0.0,0.0,0.0,2.0,2.0,2.0,2.0,2.0,2.0,2.0,2.0,2.0,2.0,2.0,2.0,2.0,2.0,2.0,2.0,2.0,2.0,2.0,2.0,2.0,2.0,2.0,2.0,2.0,2.0,2.0,2.0,2.0,2.0,2.0,3.0,3.0,3.0,4.0,13.0,13.0,17.0,17.0,20.0,20.0,28.0,45.0,59.0,63.0,90.0,114.0,147.0,199.0,253.0,306.0,367.0,438.0,495.0,658.0,840.0
,Rwanda,-1.9403,29.8739,0.0,0.0,0.0,0.0,0.0,0.0,0.0,0.0,0.0,0.0,0.0,0.0,0.0,0.0,0.0,0.0,0.0,0.0,0.0,0.0,0.0,0.0,0.0,0.0,0.0,0.0,0.0,0.0,0.0,0.0,0.0,0.0,0.0,0.0,0.0,0.0,0.0,0.0,0.0,0.0,0.0,0.0,0.0,0.0,0.0,0.0,0.0,0.0,0.0,0.0,0.0,0.0,1.0,1.0,5.0,7.0,8.0,8.0,17.0,17.0,19.0,36.0,40.0,41.0,50.0
,Saint Lucia,13.9094,-60.9789,0.0,0.0,0.0,0.0,0.0,0.0,0.0,0.0,0.0,0.0,0.0,0.0,0.0,0.0,0.0,0.0,0.0,0.0,0.0,0.0,0.0,0.0,0.0,0.0,0.0,0.0,0.0,0.0,0.0,0.0,0.0,0.0,0.0,0.0,0.0,0.0,0.0,0.0,0.0,0.0,0.0,0.0,0.0,0.0,0.0,0.0,0.0,0.0,0.0,0.0,0.0,0.0,1.0,2.0,2.0,2.0,2.0,2.0,2.0,2.0,2.0,3.0,3.0,3.0,3.0
,Saint Vincent and the Grenadines,12.9843,-61.2872,0.0,0.0,0.0,0.0,0.0,0.0,0.0,0.0,0.0,0.0,0.0,0.0,0.0,0.0,0.0,0.0,0.0,0.0,0.0,0.0,0.0,0.0,0.0,0.0,0.0,0.0,0.0,0.0,0.0,0.0,0.0,0.0,0.0,0.0,0.0,0.0,0.0,0.0,0.0,0.0,0.0,0.0,0.0,0.0,0.0,0.0,0.0,0.0,0.0,0.0,0.0,0.0,1.0,1.0,1.0,1.0,1.0,1.0,1.0,1.0,1.0,1.0,1.0,1.0,1.0
,San Marino,43.9424,12.4578,0.0,0.0,0.0,0.0,0.0,0.0,0.0,0.0,0.0,0.0,0.0,0.0,0.0,0.0,0.0,0.0,0.0,0.0,0.0,0.0,0.0,0.0,0.0,0.0,0.0,0.0,0.0,0.0,0.0,0.0,0.0,0.0,0.0,0.0,0.0,0.0,1.0,1.0,1.0,1.0,8.0,10.0,16.0,21.0,21.0,23.0,36.0,36.0,51.0,62.0,69.0,80.0,80.0,101.0,109.0,109.0,119.0,119.0,144.0,144.0,175.0,187.0,187.0,208.0,208.0
,Saudi Arabia,24.0,45.0,0.0,0.0,0.0,0.0,0.0,0.0,0.0,0.0,0.0,0.0,0.0,0.0,0.0,0.0,0.0,0.0,0.0,0.0,0.0,0.0,0.0,0.0,0.0,0.0,0.0,0.0,0.0,0.0,0.0,0.0,0.0,0.0,0.0,0.0,0.0,0.0,0.0,0.0,0.0,0.0,1.0,1.0,1.0,5.0,5.0,5.0,11.0,15.0,20.0,21.0,45.0,86.0,103.0,103.0,118.0,171.0,171.0,274.0,344.0,392.0,511.0,562.0,767.0,900.0,1012.0
,Senegal,14.4974,-14.4524,0.0,0.0,0.0,0.0,0.0,0.0,0.0,0.0,0.0,0.0,0.0,0.0,0.0,0.0,0.0,0.0,0.0,0.0,0.0,0.0,0.0,0.0,0.0,0.0,0.0,0.0,0.0,0.0,0.0,0.0,0.0,0.0,0.0,0.0,0.0,0.0,0.0,0.0,0.0,0.0,1.0,2.0,4.0,4.0,4.0,4.0,4.0,4.0,4.0,4.0,4.0,10.0,10.0,24.0,24.0,26.0,31.0,31.0,38.0,47.0,67.0,79.0,86.0,99.0,105.0
,Serbia,44.0165,21.0059,0.0,0.0,0.0,0.0,0.0,0.0,0.0,0.0,0.0,0.0,0.0,0.0,0.0,0.0,0.0,0.0,0.0,0.0,0.0,0.0,0.0,0.0,0.0,0.0,0.0,0.0,0.0,0.0,0.0,0.0,0.0,0.0,0.0,0.0,0.0,0.0,0.0,0.0,0.0,0.0,0.0,0.0,0.0,0.0,1.0,1.0,1.0,1.0,5.0,12.0,19.0,35.0,46.0,48.0,55.0,65.0,83.0,103.0,135.0,171.0,222.0,249.0,303.0,384.0,384.0
,Seychelles,-4.6796,55.492,0.0,0.0,0.0,0.0,0.0,0.0,0.0,0.0,0.0,0.0,0.0,0.0,0.0,0.0,0.0,0.0,0.0,0.0,0.0,0.0,0.0,0.0,0.0,0.0,0.0,0.0,0.0,0.0,0.0,0.0,0.0,0.0,0.0,0.0,0.0,0.0,0.0,0.0,0.0,0.0,0.0,0.0,0.0,0.0,0.0,0.0,0.0,0.0,0.0,0.0,0.0,0.0,2.0,2.0,3.0,4.0,4.0,6.0,7.0,7.0,7.0,7.0,7.0,7.0,7.0
,Singapore,1.2833,103.8333,0.0,1.0,3.0,3.0,4.0,5.0,7.0,7.0,10.0,13.0,16.0,18.0,18.0,24.0,28.0,28.0,30.0,33.0,40.0,45.0,47.0,50.0,58.0,67.0,72.0,75.0,77.0,81.0,84.0,84.0,85.0,85.0,89.0,89.0,91.0,93.0,93.0,93.0,102.0,106.0,108.0,110.0,110.0,117.0,130.0,138.0,150.0,150.0,160.0,178.0,178.0,200.0,212.0,226.0,243.0,266.0,313.0,345.0,385.0,432.0,455.0,509.0,558.0,631.0,683.0
,Slovakia,48.669,19.699,0.0,0.0,0.0,0.0,0.0,0.0,0.0,0.0,0.0,0.0,0.0,0.0,0.0,0.0,0.0,0.0,0.0,0.0,0.0,0.0,0.0,0.0,0.0,0.0,0.0,0.0,0.0,0.0,0.0,0.0,0.0,0.0,0.0,0.0,0.0,0.0,0.0,0.0,0.0,0.0,0.0,0.0,0.0,0.0,1.0,1.0,3.0,3.0,7.0,10.0,16.0,32.0,44.0,54.0,63.0,72.0,105.0,123.0,137.0,178.0,185.0,186.0,204.0,216.0,226.0
,Slovenia,46.1512,14.9955,0.0,0.0,0.0,0.0,0.0,0.0,0.0,0.0,0.0,0.0,0.0,0.0,0.0,0.0,0.0,0.0,0.0,0.0,0.0,0.0,0.0,0.0,0.0,0.0,0.0,0.0,0.0,0.0,0.0,0.0,0.0,0.0,0.0,0.0,0.0,0.0,0.0,0.0,0.0,0.0,0.0,0.0,0.0,2.0,7.0,7.0,16.0,16.0,31.0,57.0,89.0,141.0,181.0,219.0,253.0,275.0,275.0,286.0,341.0,383.0,414.0,442.0,480.0,528.0,562.0
,Somalia,5.1521,46.1996,0.0,0.0,0.0,0.0,0.0,0.0,0.0,0.0,0.0,0.0,0.0,0.0,0.0,0.0,0.0,0.0,0.0,0.0,0.0,0.0,0.0,0.0,0.0,0.0,0.0,0.0,0.0,0.0,0.0,0.0,0.0,0.0,0.0,0.0,0.0,0.0,0.0,0.0,0.0,0.0,0.0,0.0,0.0,0.0,0.0,0.0,0.0,0.0,0.0,0.0,0.0,0.0,0.0,0.0,1.0,1.0,1.0,1.0,1.0,1.0,1.0,1.0,1.0,1.0,2.0
,South Africa,-30.5595,22.9375,0.0,0.0,0.0,0.0,0.0,0.0,0.0,0.0,0.0,0.0,0.0,0.0,0.0,0.0,0.0,0.0,0.0,0.0,0.0,0.0,0.0,0.0,0.0,0.0,0.0,0.0,0.0,0.0,0.0,0.0,0.0,0.0,0.0,0.0,0.0,0.0,0.0,0.0,0.0,0.0,0.0,0.0,0.0,1.0,1.0,1.0,3.0,3.0,7.0,13.0,17.0,24.0,38.0,51.0,62.0,62.0,116.0,150.0,202.0,240.0,274.0,402.0,554.0,709.0,927.0
,Spain,40.0,-4.0,0.0,0.0,0.0,0.0,0.0,0.0,0.0,0.0,0.0,0.0,1.0,1.0,1.0,1.0,1.0,1.0,1.0,1.0,2.0,2.0,2.0,2.0,2.0,2.0,2.0,2.0,2.0,2.0,2.0,2.0,2.0,2.0,2.0,2.0,6.0,13.0,15.0,32.0,45.0,84.0,120.0,165.0,222.0,259.0,400.0,500.0,673.0,1073.0,1695.0,2277.0,2277.0,5232.0,6391.0,7798.0,9942.0,11748.0,13910.0,17963.0,20410.0,25374.0,28768.0,35136.0,39885.0,49515.0,57786.0
,Sri Lanka,7.0,81.0,0.0,0.0,0.0,0.0,0.0,1.0,1.0,1.0,1.0,1.0,1.0,1.0,1.0,1.0,1.0,1.0,1.0,1.0,1.0,1.0,1.0,1.0,1.0,1.0,1.0,1.0,1.0,1.0,1.0,1.0,1.0,1.0,1.0,1.0,1.0,1.0,1.0,1.0,1.0,1.0,1.0,1.0,1.0,1.0,1.0,1.0,1.0,1.0,1.0,2.0,2.0,6.0,10.0,18.0,28.0,44.0,51.0,60.0,73.0,77.0,82.0,97.0,102.0,102.0,106.0
,Sudan,12.8628,30.2176,0.0,0.0,0.0,0.0,0.0,0.0,0.0,0.0,0.0,0.0,0.0,0.0,0.0,0.0,0.0,0.0,0.0,0.0,0.0,0.0,0.0,0.0,0.0,0.0,0.0,0.0,0.0,0.0,0.0,0.0,0.0,0.0,0.0,0.0,0.0,0.0,0.0,0.0,0.0,0.0,0.0,0.0,0.0,0.0,0.0,0.0,0.0,0.0,0.0,0.0,0.0,1.0,1.0,1.0,1.0,1.0,2.0,2.0,2.0,2.0,2.0,2.0,3.0,3.0,3.0
,Suriname,3.9193,-56.0278,0.0,0.0,0.0,0.0,0.0,0.0,0.0,0.0,0.0,0.0,0.0,0.0,0.0,0.0,0.0,0.0,0.0,0.0,0.0,0.0,0.0,0.0,0.0,0.0,0.0,0.0,0.0,0.0,0.0,0.0,0.0,0.0,0.0,0.0,0.0,0.0,0.0,0.0,0.0,0.0,0.0,0.0,0.0,0.0,0.0,0.0,0.0,0.0,0.0,0.0,0.0,0.0,1.0,1.0,1.0,1.0,1.0,1.0,4.0,4.0,5.0,5.0,7.0,8.0,8.0
,Sweden,63.0,16.0,0.0,0.0,0.0,0.0,0.0,0.0,0.0,0.0,0.0,1.0,1.0,1.0,1.0,1.0,1.0,1.0,1.0,1.0,1.0,1.0,1.0,1.0,1.0,1.0,1.0,1.0,1.0,1.0,1.0,1.0,1.0,1.0,1.0,1.0,1.0,2.0,7.0,7.0,12.0,14.0,15.0,21.0,35.0,94.0,101.0,161.0,203.0,248.0,355.0,500.0,599.0,814.0,961.0,1022.0,1103.0,1190.0,1279.0,1439.0,1639.0,1763.0,1934.0,2046.0,2286.0,2526.0,2840.0
,Switzerland,46.8182,8.2275,0.0,0.0,0.0,0.0,0.0,0.0,0.0,0.0,0.0,0.0,0.0,0.0,0.0,0.0,0.0,0.0,0.0,0.0,0.0,0.0,0.0,0.0,0.0,0.0,0.0,0.0,0.0,0.0,0.0,0.0,0.0,0.0,0.0,0.0,1.0,1.0,8.0,8.0,18.0,27.0,42.0,56.0,90.0,114.0,214.0,268.0,337.0,374.0,491.0,652.0,652.0,1139.0,1359.0,2200.0,2200.0,2700.0,3028.0,4075.0,5294.0,6575.0,7474.0,8795.0,9877.0,10897.0,11811.0
,Taiwan*,23.7,121.0,1.0,1.0,3.0,3.0,4.0,5.0,8.0,8.0,9.0,10.0,10.0,10.0,10.0,11.0,11.0,16.0,16.0,17.0,18.0,18.0,18.0,18.0,18.0,18.0,18.0,20.0,22.0,22.0,23.0,24.0,26.0,26.0,28.0,30.0,31.0,32.0,32.0,34.0,39.0,40.0,41.0,42.0,42.0,44.0,45.0,45.0,45.0,45.0,47.0,48.0,49.0,50.0,53.0,59.0,67.0,77.0,100.0,108.0,135.0,153.0,169.0,195.0,215.0,235.0,252.0
,Tanzania,-6.369,34.8888,0.0,0.0,0.0,0.0,0.0,0.0,0.0,0.0,0.0,0.0,0.0,0.0,0.0,0.0,0.0,0.0,0.0,0.0,0.0,0.0,0.0,0.0,0.0,0.0,0.0,0.0,0.0,0.0,0.0,0.0,0.0,0.0,0.0,0.0,0.0,0.0,0.0,0.0,0.0,0.0,0.0,0.0,0.0,0.0,0.0,0.0,0.0,0.0,0.0,0.0,0.0,0.0,0.0,0.0,1.0,1.0,3.0,6.0,6.0,6.0,12.0,12.0,12.0,12.0,13.0
,Thailand,15.0,101.0,2.0,3.0,5.0,7.0,8.0,8.0,14.0,14.0,14.0,19.0,19.0,19.0,19.0,25.0,25.0,25.0,25.0,32.0,32.0,32.0,33.0,33.0,33.0,33.0,33.0,34.0,35.0,35.0,35.0,35.0,35.0,35.0,35.0,35.0,37.0,40.0,40.0,41.0,42.0,42.0,43.0,43.0,43.0,47.0,48.0,50.0,50.0,50.0,53.0,59.0,70.0,75.0,82.0,114.0,147.0,177.0,212.0,272.0,322.0,411.0,599.0,721.0,827.0,934.0,1045.0
,Togo,8.6195,0.8248,0.0,0.0,0.0,0.0,0.0,0.0,0.0,0.0,0.0,0.0,0.0,0.0,0.0,0.0,0.0,0.0,0.0,0.0,0.0,0.0,0.0,0.0,0.0,0.0,0.0,0.0,0.0,0.0,0.0,0.0,0.0,0.0,0.0,0.0,0.0,0.0,0.0,0.0,0.0,0.0,0.0,0.0,0.0,0.0,1.0,1.0,1.0,1.0,1.0,1.0,1.0,1.0,1.0,1.0,1.0,1.0,1.0,1.0,9.0,16.0,16.0,18.0,20.0,23.0,23.0
,Trinidad and Tobago,10.6918,-61.2225,0.0,0.0,0.0,0.0,0.0,0.0,0.0,0.0,0.0,0.0,0.0,0.0,0.0,0.0,0.0,0.0,0.0,0.0,0.0,0.0,0.0,0.0,0.0,0.0,0.0,0.0,0.0,0.0,0.0,0.0,0.0,0.0,0.0,0.0,0.0,0.0,0.0,0.0,0.0,0.0,0.0,0.0,0.0,0.0,0.0,0.0,0.0,0.0,0.0,0.0,0.0,0.0,2.0,2.0,4.0,5.0,7.0,9.0,9.0,49.0,50.0,51.0,57.0,60.0,65.0
,Tunisia,34.0,9.0,0.0,0.0,0.0,0.0,0.0,0.0,0.0,0.0,0.0,0.0,0.0,0.0,0.0,0.0,0.0,0.0,0.0,0.0,0.0,0.0,0.0,0.0,0.0,0.0,0.0,0.0,0.0,0.0,0.0,0.0,0.0,0.0,0.0,0.0,0.0,0.0,0.0,0.0,0.0,0.0,0.0,0.0,1.0,1.0,1.0,1.0,2.0,2.0,5.0,7.0,7.0,16.0,18.0,18.0,20.0,24.0,29.0,39.0,54.0,60.0,75.0,89.0,114.0,173.0,197.0
,Turkey,38.9637,35.2433,0.0,0.0,0.0,0.0,0.0,0.0,0.0,0.0,0.0,0.0,0.0,0.0,0.0,0.0,0.0,0.0,0.0,0.0,0.0,0.0,0.0,0.0,0.0,0.0,0.0,0.0,0.0,0.0,0.0,0.0,0.0,0.0,0.0,0.0,0.0,0.0,0.0,0.0,0.0,0.0,0.0,0.0,0.0,0.0,0.0,0.0,0.0,0.0,0.0,1.0,1.0,5.0,5.0,6.0,18.0,47.0,98.0,192.0,359.0,670.0,1236.0,1529.0,1872.0,2433.0,3629.0
,Uganda,1.0,32.0,0.0,0.0,0.0,0.0,0.0,0.0,0.0,0.0,0.0,0.0,0.0,0.0,0.0,0.0,0.0,0.0,0.0,0.0,0.0,0.0,0.0,0.0,0.0,0.0,0.0,0.0,0.0,0.0,0.0,0.0,0.0,0.0,0.0,0.0,0.0,0.0,0.0,0.0,0.0,0.0,0.0,0.0,0.0,0.0,0.0,0.0,0.0,0.0,0.0,0.0,0.0,0.0,0.0,0.0,0.0,0.0,0.0,0.0,0.0,1.0,1.0,9.0,9.0,14.0,14.0
,Ukraine,48.3794,31.1656,0.0,0.0,0.0,0.0,0.0,0.0,0.0,0.0,0.0,0.0,0.0,0.0,0.0,0.0,0.0,0.0,0.0,0.0,0.0,0.0,0.0,0.0,0.0,0.0,0.0,0.0,0.0,0.0,0.0,0.0,0.0,0.0,0.0,0.0,0.0,0.0,0.0,0.0,0.0,0.0,0.0,1.0,1.0,1.0,1.0,1.0,1.0,1.0,1.0,1.0,1.0,3.0,3.0,3.0,7.0,14.0,14.0,16.0,29.0,47.0,73.0,73.0,97.0,145.0,196.0
,United Arab Emirates,24.0,54.0,0.0,0.0,0.0,0.0,0.0,0.0,0.0,4.0,4.0,4.0,4.0,5.0,5.0,5.0,5.0,5.0,5.0,7.0,7.0,8.0,8.0,8.0,8.0,8.0,8.0,9.0,9.0,9.0,9.0,9.0,9.0,13.0,13.0,13.0,13.0,13.0,13.0,19.0,21.0,21.0,21.0,27.0,27.0,29.0,29.0,45.0,45.0,45.0,74.0,74.0,85.0,85.0,85.0,98.0,98.0,98.0,113.0,140.0,140.0,153.0,153.0,198.0,248.0,333.0,333.0
Bermuda,United Kingdom,32.3078,-64.7505,0.0,0.0,0.0,0.0,0.0,0.0,0.0,0.0,0.0,0.0,0.0,0.0,0.0,0.0,0.0,0.0,0.0,0.0,0.0,0.0,0.0,0.0,0.0,0.0,0.0,0.0,0.0,0.0,0.0,0.0,0.0,0.0,0.0,0.0,0.0,0.0,0.0,0.0,0.0,0.0,0.0,0.0,0.0,0.0,0.0,0.0,0.0,0.0,0.0,0.0,0.0,0.0,0.0,0.0,0.0,0.0,0.0,2.0,2.0,2.0,6.0,6.0,6.0,7.0,15.0
Cayman Islands,United Kingdom,19.3133,-81.2546,0.0,0.0,0.0,0.0,0.0,0.0,0.0,0.0,0.0,0.0,0.0,0.0,0.0,0.0,0.0,0.0,0.0,0.0,0.0,0.0,0.0,0.0,0.0,0.0,0.0,0.0,0.0,0.0,0.0,0.0,0.0,0.0,0.0,0.0,0.0,0.0,0.0,0.0,0.0,0.0,0.0,0.0,0.0,0.0,0.0,0.0,0.0,0.0,0.0,0.0,0.0,1.0,1.0,1.0,1.0,1.0,1.0,3.0,3.0,3.0,3.0,5.0,6.0,8.0,8.0
Channel Islands,United Kingdom,49.3723,-2.3644,0.0,0.0,0.0,0.0,0.0,0.0,0.0,0.0,0.0,0.0,0.0,0.0,0.0,0.0,0.0,0.0,0.0,0.0,0.0,0.0,0.0,0.0,0.0,0.0,0.0,0.0,0.0,0.0,0.0,0.0,0.0,0.0,0.0,0.0,0.0,0.0,0.0,0.0,0.0,0.0,0.0,0.0,0.0,0.0,0.0,0.0,0.0,0.0,1.0,2.0,2.0,2.0,2.0,3.0,6.0,6.0,6.0,11.0,14.0,32.0,32.0,36.0,36.0,46.0,66.0
Gibraltar,United Kingdom,36.1408,-5.3536,0.0,0.0,0.0,0.0,0.0,0.0,0.0,0.0,0.0,0.0,0.0,0.0,0.0,0.0,0.0,0.0,0.0,0.0,0.0,0.0,0.0,0.0,0.0,0.0,0.0,0.0,0.0,0.0,0.0,0.0,0.0,0.0,0.0,0.0,0.0,0.0,0.0,0.0,0.0,0.0,0.0,0.0,1.0,1.0,1.0,1.0,1.0,1.0,1.0,1.0,1.0,1.0,1.0,1.0,1.0,3.0,8.0,10.0,10.0,10.0,15.0,15.0,15.0,26.0,35.0
Isle of Man,United Kingdom,54.2361,-4.5481,0.0,0.0,0.0,0.0,0.0,0.0,0.0,0.0,0.0,0.0,0.0,0.0,0.0,0.0,0.0,0.0,0.0,0.0,0.0,0.0,0.0,0.0,0.0,0.0,0.0,0.0,0.0,0.0,0.0,0.0,0.0,0.0,0.0,0.0,0.0,0.0,0.0,0.0,0.0,0.0,0.0,0.0,0.0,0.0,0.0,0.0,0.0,0.0,0.0,0.0,0.0,0.0,0.0,0.0,0.0,0.0,0.0,0.0,1.0,1.0,5.0,13.0,23.0,23.0,25.0
Montserrat,United Kingdom,16.7425,-62.1874,0.0,0.0,0.0,0.0,0.0,0.0,0.0,0.0,0.0,0.0,0.0,0.0,0.0,0.0,0.0,0.0,0.0,0.0,0.0,0.0,0.0,0.0,0.0,0.0,0.0,0.0,0.0,0.0,0.0,0.0,0.0,0.0,0.0,0.0,0.0,0.0,0.0,0.0,0.0,0.0,0.0,0.0,0.0,0.0,0.0,0.0,0.0,0.0,0.0,0.0,0.0,0.0,0.0,0.0,0.0,0.0,1.0,1.0,1.0,1.0,1.0,1.0,1.0,1.0,5.0
,United Kingdom,55.3781,-3.4360000000000004,0.0,0.0,0.0,0.0,0.0,0.0,0.0,0.0,0.0,2.0,2.0,2.0,2.0,2.0,2.0,2.0,3.0,3.0,3.0,8.0,8.0,9.0,9.0,9.0,9.0,9.0,9.0,9.0,9.0,9.0,9.0,9.0,9.0,13.0,13.0,13.0,15.0,20.0,23.0,36.0,40.0,51.0,85.0,115.0,163.0,206.0,273.0,321.0,382.0,456.0,456.0,798.0,1140.0,1140.0,1543.0,1950.0,2626.0,2689.0,3983.0,5018.0,5683.0,6650.0,8077.0,9529.0,11658.0
,Uruguay,-32.5228,-55.7658,0.0,0.0,0.0,0.0,0.0,0.0,0.0,0.0,0.0,0.0,0.0,0.0,0.0,0.0,0.0,0.0,0.0,0.0,0.0,0.0,0.0,0.0,0.0,0.0,0.0,0.0,0.0,0.0,0.0,0.0,0.0,0.0,0.0,0.0,0.0,0.0,0.0,0.0,0.0,0.0,0.0,0.0,0.0,0.0,0.0,0.0,0.0,0.0,0.0,0.0,0.0,0.0,4.0,4.0,8.0,29.0,50.0,79.0,94.0,110.0,158.0,162.0,162.0,189.0,217.0
,Uzbekistan,41.3775,64.5853,0.0,0.0,0.0,0.0,0.0,0.0,0.0,0.0,0.0,0.0,0.0,0.0,0.0,0.0,0.0,0.0,0.0,0.0,0.0,0.0,0.0,0.0,0.0,0.0,0.0,0.0,0.0,0.0,0.0,0.0,0.0,0.0,0.0,0.0,0.0,0.0,0.0,0.0,0.0,0.0,0.0,0.0,0.0,0.0,0.0,0.0,0.0,0.0,0.0,0.0,0.0,0.0,0.0,1.0,6.0,10.0,15.0,23.0,33.0,43.0,43.0,46.0,50.0,60.0,75.0
,Venezuela,6.4238,-66.5897,0.0,0.0,0.0,0.0,0.0,0.0,0.0,0.0,0.0,0.0,0.0,0.0,0.0,0.0,0.0,0.0,0.0,0.0,0.0,0.0,0.0,0.0,0.0,0.0,0.0,0.0,0.0,0.0,0.0,0.0,0.0,0.0,0.0,0.0,0.0,0.0,0.0,0.0,0.0,0.0,0.0,0.0,0.0,0.0,0.0,0.0,0.0,0.0,0.0,0.0,0.0,0.0,2.0,10.0,17.0,33.0,36.0,42.0,42.0,70.0,70.0,77.0,84.0,91.0,107.0
,Vietnam,16.0,108.0,0.0,2.0,2.0,2.0,2.0,2.0,2.0,2.0,2.0,2.0,6.0,6.0,8.0,8.0,8.0,10.0,10.0,13.0,13.0,14.0,15.0,15.0,16.0,16.0,16.0,16.0,16.0,16.0,16.0,16.0,16.0,16.0,16.0,16.0,16.0,16.0,16.0,16.0,16.0,16.0,16.0,16.0,16.0,16.0,16.0,18.0,30.0,30.0,31.0,38.0,39.0,47.0,53.0,56.0,61.0,66.0,75.0,85.0,91.0,94.0,113.0,123.0,134.0,141.0,153.0
,Zambia,-15.4167,28.2833,0.0,0.0,0.0,0.0,0.0,0.0,0.0,0.0,0.0,0.0,0.0,0.0,0.0,0.0,0.0,0.0,0.0,0.0,0.0,0.0,0.0,0.0,0.0,0.0,0.0,0.0,0.0,0.0,0.0,0.0,0.0,0.0,0.0,0.0,0.0,0.0,0.0,0.0,0.0,0.0,0.0,0.0,0.0,0.0,0.0,0.0,0.0,0.0,0.0,0.0,0.0,0.0,0.0,0.0,0.0,0.0,2.0,2.0,2.0,2.0,3.0,3.0,3.0,12.0,16.0
,Zimbabwe,-20.0,30.0,0.0,0.0,0.0,0.0,0.0,0.0,0.0,0.0,0.0,0.0,0.0,0.0,0.0,0.0,0.0,0.0,0.0,0.0,0.0,0.0,0.0,0.0,0.0,0.0,0.0,0.0,0.0,0.0,0.0,0.0,0.0,0.0,0.0,0.0,0.0,0.0,0.0,0.0,0.0,0.0,0.0,0.0,0.0,0.0,0.0,0.0,0.0,0.0,0.0,0.0,0.0,0.0,0.0,0.0,0.0,0.0,0.0,0.0,1.0,3.0,3.0,3.0,3.0,3.0,3.0
Diamond Princess,Canada,0.0,0.0,0.0,0.0,0.0,0.0,0.0,0.0,0.0,0.0,0.0,0.0,0.0,0.0,0.0,0.0,0.0,0.0,0.0,0.0,0.0,0.0,0.0,0.0,0.0,0.0,0.0,0.0,0.0,0.0,0.0,0.0,0.0,0.0,0.0,0.0,0.0,0.0,0.0,0.0,0.0,0.0,0.0,0.0,0.0,0.0,0.0,0.0,0.0,0.0,0.0,0.0,0.0,0.0,0.0,0.0,0.0,0.0,0.0,0.0,0.0,0.0,0.0,0.0,0.0,0.0,0.0
,Dominica,15.415,-61.371,0.0,0.0,0.0,0.0,0.0,0.0,0.0,0.0,0.0,0.0,0.0,0.0,0.0,0.0,0.0,0.0,0.0,0.0,0.0,0.0,0.0,0.0,0.0,0.0,0.0,0.0,0.0,0.0,0.0,0.0,0.0,0.0,0.0,0.0,0.0,0.0,0.0,0.0,0.0,0.0,0.0,0.0,0.0,0.0,0.0,0.0,0.0,0.0,0.0,0.0,0.0,0.0,0.0,0.0,0.0,0.0,0.0,0.0,0.0,0.0,1.0,2.0,2.0,7.0,11.0
,Grenada,12.1165,-61.679,0.0,0.0,0.0,0.0,0.0,0.0,0.0,0.0,0.0,0.0,0.0,0.0,0.0,0.0,0.0,0.0,0.0,0.0,0.0,0.0,0.0,0.0,0.0,0.0,0.0,0.0,0.0,0.0,0.0,0.0,0.0,0.0,0.0,0.0,0.0,0.0,0.0,0.0,0.0,0.0,0.0,0.0,0.0,0.0,0.0,0.0,0.0,0.0,0.0,0.0,0.0,0.0,0.0,0.0,0.0,0.0,0.0,0.0,0.0,0.0,1.0,1.0,1.0,1.0,7.0
,Mozambique,-18.665695,35.529562,0.0,0.0,0.0,0.0,0.0,0.0,0.0,0.0,0.0,0.0,0.0,0.0,0.0,0.0,0.0,0.0,0.0,0.0,0.0,0.0,0.0,0.0,0.0,0.0,0.0,0.0,0.0,0.0,0.0,0.0,0.0,0.0,0.0,0.0,0.0,0.0,0.0,0.0,0.0,0.0,0.0,0.0,0.0,0.0,0.0,0.0,0.0,0.0,0.0,0.0,0.0,0.0,0.0,0.0,0.0,0.0,0.0,0.0,0.0,0.0,1.0,1.0,3.0,5.0,7.0
,Syria,34.802075,38.99681500000001,0.0,0.0,0.0,0.0,0.0,0.0,0.0,0.0,0.0,0.0,0.0,0.0,0.0,0.0,0.0,0.0,0.0,0.0,0.0,0.0,0.0,0.0,0.0,0.0,0.0,0.0,0.0,0.0,0.0,0.0,0.0,0.0,0.0,0.0,0.0,0.0,0.0,0.0,0.0,0.0,0.0,0.0,0.0,0.0,0.0,0.0,0.0,0.0,0.0,0.0,0.0,0.0,0.0,0.0,0.0,0.0,0.0,0.0,0.0,0.0,1.0,1.0,1.0,5.0,5.0
,Timor-Leste,-8.874217,125.727539,0.0,0.0,0.0,0.0,0.0,0.0,0.0,0.0,0.0,0.0,0.0,0.0,0.0,0.0,0.0,0.0,0.0,0.0,0.0,0.0,0.0,0.0,0.0,0.0,0.0,0.0,0.0,0.0,0.0,0.0,0.0,0.0,0.0,0.0,0.0,0.0,0.0,0.0,0.0,0.0,0.0,0.0,0.0,0.0,0.0,0.0,0.0,0.0,0.0,0.0,0.0,0.0,0.0,0.0,0.0,0.0,0.0,0.0,0.0,0.0,1.0,1.0,1.0,1.0,1.0
,Belize,13.1939,-59.5432,0.0,0.0,0.0,0.0,0.0,0.0,0.0,0.0,0.0,0.0,0.0,0.0,0.0,0.0,0.0,0.0,0.0,0.0,0.0,0.0,0.0,0.0,0.0,0.0,0.0,0.0,0.0,0.0,0.0,0.0,0.0,0.0,0.0,0.0,0.0,0.0,0.0,0.0,0.0,0.0,0.0,0.0,0.0,0.0,0.0,0.0,0.0,0.0,0.0,0.0,0.0,0.0,0.0,0.0,0.0,0.0,0.0,0.0,0.0,0.0,0.0,1.0,1.0,2.0,2.0
Recovered,Canada,0.0,0.0,0.0,0.0,0.0,0.0,0.0,0.0,0.0,0.0,0.0,0.0,0.0,0.0,0.0,0.0,0.0,0.0,0.0,0.0,0.0,0.0,0.0,0.0,0.0,0.0,0.0,0.0,0.0,0.0,0.0,0.0,0.0,0.0,0.0,0.0,0.0,0.0,0.0,0.0,0.0,0.0,0.0,0.0,0.0,0.0,0.0,0.0,0.0,0.0,0.0,0.0,0.0,0.0,0.0,0.0,0.0,0.0,0.0,0.0,0.0,0.0,0.0,0.0,0.0,0.0,0.0
,Laos,19.85627,102.495496,0.0,0.0,0.0,0.0,0.0,0.0,0.0,0.0,0.0,0.0,0.0,0.0,0.0,0.0,0.0,0.0,0.0,0.0,0.0,0.0,0.0,0.0,0.0,0.0,0.0,0.0,0.0,0.0,0.0,0.0,0.0,0.0,0.0,0.0,0.0,0.0,0.0,0.0,0.0,0.0,0.0,0.0,0.0,0.0,0.0,0.0,0.0,0.0,0.0,0.0,0.0,0.0,0.0,0.0,0.0,0.0,0.0,0.0,0.0,0.0,0.0,0.0,2.0,3.0,6.0
,Libya,26.3351,17.228331,0.0,0.0,0.0,0.0,0.0,0.0,0.0,0.0,0.0,0.0,0.0,0.0,0.0,0.0,0.0,0.0,0.0,0.0,0.0,0.0,0.0,0.0,0.0,0.0,0.0,0.0,0.0,0.0,0.0,0.0,0.0,0.0,0.0,0.0,0.0,0.0,0.0,0.0,0.0,0.0,0.0,0.0,0.0,0.0,0.0,0.0,0.0,0.0,0.0,0.0,0.0,0.0,0.0,0.0,0.0,0.0,0.0,0.0,0.0,0.0,0.0,0.0,1.0,1.0,1.0
,West Bank and Gaza,31.9522,35.2332,0.0,0.0,0.0,0.0,0.0,0.0,0.0,0.0,0.0,0.0,0.0,0.0,0.0,0.0,0.0,0.0,0.0,0.0,0.0,0.0,0.0,0.0,0.0,0.0,0.0,0.0,0.0,0.0,0.0,0.0,0.0,0.0,0.0,0.0,0.0,0.0,0.0,0.0,0.0,0.0,0.0,0.0,0.0,4.0,7.0,16.0,16.0,19.0,26.0,30.0,30.0,31.0,35.0,38.0,38.0,39.0,41.0,44.0,47.0,48.0,52.0,59.0,59.0,59.0,84.0
,Guinea-Bissau,11.8037,-15.1804,0.0,0.0,0.0,0.0,0.0,0.0,0.0,0.0,0.0,0.0,0.0,0.0,0.0,0.0,0.0,0.0,0.0,0.0,0.0,0.0,0.0,0.0,0.0,0.0,0.0,0.0,0.0,0.0,0.0,0.0,0.0,0.0,0.0,0.0,0.0,0.0,0.0,0.0,0.0,0.0,0.0,0.0,0.0,0.0,0.0,0.0,0.0,0.0,0.0,0.0,0.0,0.0,0.0,0.0,0.0,0.0,0.0,0.0,0.0,0.0,0.0,0.0,0.0,2.0,2.0
,Mali,17.570692,-3.996166000000001,0.0,0.0,0.0,0.0,0.0,0.0,0.0,0.0,0.0,0.0,0.0,0.0,0.0,0.0,0.0,0.0,0.0,0.0,0.0,0.0,0.0,0.0,0.0,0.0,0.0,0.0,0.0,0.0,0.0,0.0,0.0,0.0,0.0,0.0,0.0,0.0,0.0,0.0,0.0,0.0,0.0,0.0,0.0,0.0,0.0,0.0,0.0,0.0,0.0,0.0,0.0,0.0,0.0,0.0,0.0,0.0,0.0,0.0,0.0,0.0,0.0,0.0,0.0,2.0,4.0
,Saint Kitts and Nevis,17.357822,-62.782998,0.0,0.0,0.0,0.0,0.0,0.0,0.0,0.0,0.0,0.0,0.0,0.0,0.0,0.0,0.0,0.0,0.0,0.0,0.0,0.0,0.0,0.0,0.0,0.0,0.0,0.0,0.0,0.0,0.0,0.0,0.0,0.0,0.0,0.0,0.0,0.0,0.0,0.0,0.0,0.0,0.0,0.0,0.0,0.0,0.0,0.0,0.0,0.0,0.0,0.0,0.0,0.0,0.0,0.0,0.0,0.0,0.0,0.0,0.0,0.0,0.0,0.0,0.0,2.0,2.0
Northwest Territories,Canada,64.8255,-124.8457,0.0,0.0,0.0,0.0,0.0,0.0,0.0,0.0,0.0,0.0,0.0,0.0,0.0,0.0,0.0,0.0,0.0,0.0,0.0,0.0,0.0,0.0,0.0,0.0,0.0,0.0,0.0,0.0,0.0,0.0,0.0,0.0,0.0,0.0,0.0,0.0,0.0,0.0,0.0,0.0,0.0,0.0,0.0,0.0,0.0,0.0,0.0,0.0,0.0,0.0,0.0,0.0,0.0,0.0,0.0,0.0,0.0,0.0,0.0,0.0,0.0,0.0,0.0,0.0,1.0
Yukon,Canada,64.2823,-135.0,0.0,0.0,0.0,0.0,0.0,0.0,0.0,0.0,0.0,0.0,0.0,0.0,0.0,0.0,0.0,0.0,0.0,0.0,0.0,0.0,0.0,0.0,0.0,0.0,0.0,0.0,0.0,0.0,0.0,0.0,0.0,0.0,0.0,0.0,0.0,0.0,0.0,0.0,0.0,0.0,0.0,0.0,0.0,0.0,0.0,0.0,0.0,0.0,0.0,0.0,0.0,0.0,0.0,0.0,0.0,0.0,0.0,0.0,0.0,0.0,0.0,0.0,0.0,0.0,3.0
,Kosovo,42.602636,20.902977,0.0,0.0,0.0,0.0,0.0,0.0,0.0,0.0,0.0,0.0,0.0,0.0,0.0,0.0,0.0,0.0,0.0,0.0,0.0,0.0,0.0,0.0,0.0,0.0,0.0,0.0,0.0,0.0,0.0,0.0,0.0,0.0,0.0,0.0,0.0,0.0,0.0,0.0,0.0,0.0,0.0,0.0,0.0,0.0,0.0,0.0,0.0,0.0,0.0,0.0,0.0,0.0,0.0,0.0,0.0,0.0,0.0,0.0,0.0,0.0,0.0,0.0,0.0,0.0,71.0
Alabama,US,32.3182,-86.9023,0.0,0.0,0.0,0.0,0.0,0.0,0.0,0.0,0.0,0.0,0.0,0.0,0.0,0.0,0.0,0.0,0.0,0.0,0.0,0.0,0.0,0.0,0.0,0.0,0.0,0.0,0.0,0.0,0.0,0.0,0.0,0.0,0.0,0.0,0.0,0.0,0.0,0.0,0.0,0.0,0.0,0.0,0.0,0.0,0.0,0.0,0.0,0.0,0.0,0.0,0.0,5.0,6.0,12.0,29.0,39.0,46.0,78.0,83.0,131.0,157.0,196.0,242.0,381.0,517.0
Alaska,US,61.3707,-152.4044,0.0,0.0,0.0,0.0,0.0,0.0,0.0,0.0,0.0,0.0,0.0,0.0,0.0,0.0,0.0,0.0,0.0,0.0,0.0,0.0,0.0,0.0,0.0,0.0,0.0,0.0,0.0,0.0,0.0,0.0,0.0,0.0,0.0,0.0,0.0,0.0,0.0,0.0,0.0,0.0,0.0,0.0,0.0,0.0,0.0,0.0,0.0,0.0,0.0,0.0,0.0,1.0,0.0,1.0,1.0,3.0,6.0,9.0,12.0,15.0,20.0,30.0,34.0,41.0,56.0
Arizona,US,33.7298,-111.4312,0.0,0.0,0.0,0.0,1.0,1.0,1.0,1.0,1.0,1.0,0.0,0.0,0.0,0.0,0.0,0.0,0.0,0.0,0.0,0.0,0.0,0.0,0.0,0.0,0.0,0.0,0.0,0.0,0.0,0.0,0.0,0.0,0.0,0.0,0.0,0.0,0.0,0.0,0.0,0.0,0.0,0.0,0.0,0.0,0.0,0.0,0.0,0.0,6.0,9.0,9.0,9.0,12.0,13.0,18.0,20.0,27.0,45.0,78.0,118.0,152.0,235.0,326.0,401.0,508.0
Arkansas,US,34.9697,-92.3731,0.0,0.0,0.0,0.0,0.0,0.0,0.0,0.0,0.0,0.0,0.0,0.0,0.0,0.0,0.0,0.0,0.0,0.0,0.0,0.0,0.0,0.0,0.0,0.0,0.0,0.0,0.0,0.0,0.0,0.0,0.0,0.0,0.0,0.0,0.0,0.0,0.0,0.0,0.0,0.0,0.0,0.0,0.0,0.0,0.0,0.0,0.0,0.0,0.0,1.0,6.0,6.0,12.0,16.0,22.0,22.0,33.0,62.0,96.0,122.0,165.0,192.0,219.0,280.0,335.0
California,US,36.1162,-119.6816,0.0,0.0,0.0,0.0,2.0,2.0,2.0,2.0,2.0,2.0,0.0,0.0,0.0,0.0,0.0,0.0,0.0,0.0,0.0,0.0,0.0,0.0,0.0,0.0,0.0,0.0,0.0,0.0,0.0,0.0,0.0,0.0,0.0,0.0,0.0,0.0,0.0,0.0,0.0,0.0,0.0,0.0,0.0,0.0,0.0,0.0,0.0,0.0,144.0,177.0,221.0,282.0,340.0,426.0,557.0,698.0,751.0,952.0,1177.0,1364.0,1646.0,2108.0,2538.0,2998.0,3899.0
Colorado,US,39.0598,-105.3111,0.0,0.0,0.0,0.0,0.0,0.0,0.0,0.0,0.0,0.0,0.0,0.0,0.0,0.0,0.0,0.0,0.0,0.0,0.0,0.0,0.0,0.0,0.0,0.0,0.0,0.0,0.0,0.0,0.0,0.0,0.0,0.0,0.0,0.0,0.0,0.0,0.0,0.0,0.0,0.0,0.0,0.0,0.0,0.0,0.0,0.0,0.0,0.0,15.0,34.0,45.0,49.0,101.0,131.0,160.0,160.0,184.0,277.0,363.0,390.0,591.0,704.0,723.0,1021.0,1430.0
Connecticut,US,41.5978,-72.7554,0.0,0.0,0.0,0.0,0.0,0.0,0.0,0.0,0.0,0.0,0.0,0.0,0.0,0.0,0.0,0.0,0.0,0.0,0.0,0.0,0.0,0.0,0.0,0.0,0.0,0.0,0.0,0.0,0.0,0.0,0.0,0.0,0.0,0.0,0.0,0.0,0.0,0.0,0.0,0.0,0.0,0.0,0.0,0.0,0.0,0.0,0.0,0.0,2.0,3.0,5.0,11.0,22.0,24.0,30.0,68.0,68.0,159.0,194.0,194.0,327.0,415.0,618.0,875.0,1012.0
District of Columbia,US,38.8974,-77.0268,0.0,0.0,0.0,0.0,0.0,0.0,0.0,0.0,0.0,0.0,0.0,0.0,0.0,0.0,0.0,0.0,0.0,0.0,0.0,0.0,0.0,0.0,0.0,0.0,0.0,0.0,0.0,0.0,0.0,0.0,0.0,0.0,0.0,0.0,0.0,0.0,0.0,0.0,0.0,0.0,0.0,0.0,0.0,0.0,0.0,0.0,0.0,0.0,5.0,10.0,10.0,10.0,10.0,16.0,22.0,22.0,31.0,40.0,71.0,77.0,102.0,120.0,141.0,187.0,231.0
Delaware,US,39.3185,-75.5071,0.0,0.0,0.0,0.0,0.0,0.0,0.0,0.0,0.0,0.0,0.0,0.0,0.0,0.0,0.0,0.0,0.0,0.0,0.0,0.0,0.0,0.0,0.0,0.0,0.0,0.0,0.0,0.0,0.0,0.0,0.0,0.0,0.0,0.0,0.0,0.0,0.0,0.0,0.0,0.0,0.0,0.0,0.0,0.0,0.0,0.0,0.0,0.0,0.0,1.0,1.0,4.0,6.0,7.0,8.0,16.0,19.0,30.0,38.0,45.0,56.0,68.0,104.0,119.0,130.0
Florida,US,27.7663,-81.6868,0.0,0.0,0.0,0.0,0.0,0.0,0.0,0.0,0.0,0.0,0.0,0.0,0.0,0.0,0.0,0.0,0.0,0.0,0.0,0.0,0.0,0.0,0.0,0.0,0.0,0.0,0.0,0.0,0.0,0.0,0.0,0.0,0.0,0.0,0.0,0.0,0.0,0.0,0.0,0.0,0.0,0.0,0.0,0.0,0.0,0.0,0.0,0.0,15.0,28.0,35.0,50.0,76.0,115.0,155.0,216.0,314.0,417.0,563.0,659.0,1004.0,1227.0,1412.0,1682.0,2357.0
Georgia,US,33.0406,-83.6431,0.0,0.0,0.0,0.0,0.0,0.0,0.0,0.0,0.0,0.0,0.0,0.0,0.0,0.0,0.0,0.0,0.0,0.0,0.0,0.0,0.0,0.0,0.0,0.0,0.0,0.0,0.0,0.0,0.0,0.0,0.0,0.0,0.0,0.0,0.0,0.0,0.0,0.0,0.0,0.0,0.0,0.0,0.0,0.0,0.0,0.0,0.0,0.0,17.0,23.0,31.0,42.0,66.0,99.0,121.0,146.0,199.0,287.0,420.0,507.0,621.0,772.0,1026.0,1247.0,1525.0
Hawaii,US,21.0943,-157.4983,0.0,0.0,0.0,0.0,0.0,0.0,0.0,0.0,0.0,0.0,0.0,0.0,0.0,0.0,0.0,0.0,0.0,0.0,0.0,0.0,0.0,0.0,0.0,0.0,0.0,0.0,0.0,0.0,0.0,0.0,0.0,0.0,0.0,0.0,0.0,0.0,0.0,0.0,0.0,0.0,0.0,0.0,0.0,0.0,0.0,0.0,0.0,0.0,2.0,2.0,2.0,2.0,4.0,6.0,7.0,10.0,14.0,16.0,26.0,37.0,53.0,56.0,90.0,91.0,95.0
Idaho,US,44.2405,-114.4788,0.0,0.0,0.0,0.0,0.0,0.0,0.0,0.0,0.0,0.0,0.0,0.0,0.0,0.0,0.0,0.0,0.0,0.0,0.0,0.0,0.0,0.0,0.0,0.0,0.0,0.0,0.0,0.0,0.0,0.0,0.0,0.0,0.0,0.0,0.0,0.0,0.0,0.0,0.0,0.0,0.0,0.0,0.0,0.0,0.0,0.0,0.0,0.0,0.0,0.0,0.0,1.0,2.0,5.0,5.0,8.0,9.0,11.0,23.0,36.0,42.0,68.0,81.0,91.0,146.0
Illinois,US,40.3495,-88.9861,0.0,0.0,0.0,1.0,1.0,1.0,1.0,1.0,1.0,2.0,0.0,0.0,0.0,0.0,0.0,0.0,0.0,0.0,0.0,0.0,0.0,0.0,0.0,0.0,0.0,0.0,0.0,0.0,0.0,0.0,0.0,0.0,0.0,0.0,0.0,0.0,0.0,0.0,0.0,0.0,0.0,0.0,0.0,0.0,0.0,0.0,0.0,0.0,12.0,25.0,32.0,46.0,64.0,93.0,105.0,161.0,162.0,422.0,585.0,753.0,1049.0,1285.0,1537.0,1865.0,2538.0
Indiana,US,39.8494,-86.2583,0.0,0.0,0.0,0.0,0.0,0.0,0.0,0.0,0.0,0.0,0.0,0.0,0.0,0.0,0.0,0.0,0.0,0.0,0.0,0.0,0.0,0.0,0.0,0.0,0.0,0.0,0.0,0.0,0.0,0.0,0.0,0.0,0.0,0.0,0.0,0.0,0.0,0.0,0.0,0.0,0.0,0.0,0.0,0.0,0.0,0.0,0.0,0.0,6.0,11.0,13.0,13.0,16.0,20.0,25.0,30.0,39.0,60.0,86.0,128.0,204.0,270.0,368.0,477.0,645.0
Iowa,US,42.0115,-93.2105,0.0,0.0,0.0,0.0,0.0,0.0,0.0,0.0,0.0,0.0,0.0,0.0,0.0,0.0,0.0,0.0,0.0,0.0,0.0,0.0,0.0,0.0,0.0,0.0,0.0,0.0,0.0,0.0,0.0,0.0,0.0,0.0,0.0,0.0,0.0,0.0,0.0,0.0,0.0,0.0,0.0,0.0,0.0,0.0,0.0,0.0,0.0,0.0,8.0,13.0,16.0,17.0,17.0,18.0,23.0,23.0,29.0,44.0,45.0,68.0,90.0,105.0,124.0,146.0,179.0
Kansas,US,38.5266,-96.7265,0.0,0.0,0.0,0.0,0.0,0.0,0.0,0.0,0.0,0.0,0.0,0.0,0.0,0.0,0.0,0.0,0.0,0.0,0.0,0.0,0.0,0.0,0.0,0.0,0.0,0.0,0.0,0.0,0.0,0.0,0.0,0.0,0.0,0.0,0.0,0.0,0.0,0.0,0.0,0.0,0.0,0.0,0.0,0.0,0.0,0.0,0.0,0.0,1.0,1.0,1.0,5.0,8.0,8.0,11.0,18.0,18.0,34.0,44.0,57.0,65.0,84.0,100.0,134.0,172.0
Kentucky,US,37.6681,-84.6701,0.0,0.0,0.0,0.0,0.0,0.0,0.0,0.0,0.0,0.0,0.0,0.0,0.0,0.0,0.0,0.0,0.0,0.0,0.0,0.0,0.0,0.0,0.0,0.0,0.0,0.0,0.0,0.0,0.0,0.0,0.0,0.0,0.0,0.0,0.0,0.0,0.0,0.0,0.0,0.0,0.0,0.0,0.0,0.0,0.0,0.0,0.0,0.0,6.0,8.0,10.0,14.0,14.0,20.0,21.0,26.0,27.0,37.0,47.0,87.0,103.0,123.0,162.0,197.0,247.0
Louisiana,US,31.1695,-91.8678,0.0,0.0,0.0,0.0,0.0,0.0,0.0,0.0,0.0,0.0,0.0,0.0,0.0,0.0,0.0,0.0,0.0,0.0,0.0,0.0,0.0,0.0,0.0,0.0,0.0,0.0,0.0,0.0,0.0,0.0,0.0,0.0,0.0,0.0,0.0,0.0,0.0,0.0,0.0,0.0,0.0,0.0,0.0,0.0,0.0,0.0,0.0,0.0,1.0,6.0,19.0,36.0,77.0,91.0,136.0,196.0,257.0,392.0,538.0,585.0,837.0,1172.0,1388.0,1795.0,2304.0
Maine,US,44.6939,-69.3819,0.0,0.0,0.0,0.0,0.0,0.0,0.0,0.0,0.0,0.0,0.0,0.0,0.0,0.0,0.0,0.0,0.0,0.0,0.0,0.0,0.0,0.0,0.0,0.0,0.0,0.0,0.0,0.0,0.0,0.0,0.0,0.0,0.0,0.0,0.0,0.0,0.0,0.0,0.0,0.0,0.0,0.0,0.0,0.0,0.0,0.0,0.0,0.0,0.0,0.0,0.0,1.0,3.0,12.0,17.0,32.0,42.0,52.0,56.0,70.0,89.0,107.0,118.0,142.0,155.0
Maryland,US,39.0639,-76.8021,0.0,0.0,0.0,0.0,0.0,0.0,0.0,0.0,0.0,0.0,0.0,0.0,0.0,0.0,0.0,0.0,0.0,0.0,0.0,0.0,0.0,0.0,0.0,0.0,0.0,0.0,0.0,0.0,0.0,0.0,0.0,0.0,0.0,0.0,0.0,0.0,0.0,0.0,0.0,0.0,0.0,0.0,0.0,0.0,0.0,0.0,0.0,0.0,8.0,9.0,12.0,18.0,26.0,32.0,41.0,60.0,85.0,107.0,149.0,193.0,244.0,290.0,349.0,425.0,583.0
Massachusetts,US,42.2302,-71.5301,0.0,0.0,0.0,0.0,0.0,0.0,0.0,0.0,0.0,0.0,0.0,0.0,0.0,0.0,0.0,0.0,0.0,0.0,0.0,0.0,0.0,0.0,0.0,0.0,0.0,0.0,0.0,0.0,0.0,0.0,0.0,0.0,0.0,0.0,0.0,0.0,0.0,0.0,0.0,0.0,0.0,0.0,0.0,0.0,0.0,0.0,0.0,0.0,92.0,95.0,108.0,123.0,138.0,164.0,197.0,218.0,218.0,328.0,413.0,525.0,646.0,777.0,1159.0,1838.0,2417.0
Michigan,US,43.3266,-84.5361,0.0,0.0,0.0,0.0,0.0,0.0,0.0,0.0,0.0,0.0,0.0,0.0,0.0,0.0,0.0,0.0,0.0,0.0,0.0,0.0,0.0,0.0,0.0,0.0,0.0,0.0,0.0,0.0,0.0,0.0,0.0,0.0,0.0,0.0,0.0,0.0,0.0,0.0,0.0,0.0,0.0,0.0,0.0,0.0,0.0,0.0,0.0,0.0,0.0,2.0,2.0,16.0,25.0,33.0,53.0,65.0,83.0,334.0,552.0,788.0,1035.0,1329.0,1793.0,2296.0,2845.0
Minnesota,US,45.6945,-93.9002,0.0,0.0,0.0,0.0,0.0,0.0,0.0,0.0,0.0,0.0,0.0,0.0,0.0,0.0,0.0,0.0,0.0,0.0,0.0,0.0,0.0,0.0,0.0,0.0,0.0,0.0,0.0,0.0,0.0,0.0,0.0,0.0,0.0,0.0,0.0,0.0,0.0,0.0,0.0,0.0,0.0,0.0,0.0,0.0,0.0,0.0,0.0,0.0,3.0,5.0,9.0,14.0,21.0,35.0,54.0,60.0,77.0,89.0,115.0,138.0,167.0,234.0,261.0,286.0,344.0
Mississippi,US,32.7416,-89.6787,0.0,0.0,0.0,0.0,0.0,0.0,0.0,0.0,0.0,0.0,0.0,0.0,0.0,0.0,0.0,0.0,0.0,0.0,0.0,0.0,0.0,0.0,0.0,0.0,0.0,0.0,0.0,0.0,0.0,0.0,0.0,0.0,0.0,0.0,0.0,0.0,0.0,0.0,0.0,0.0,0.0,0.0,0.0,0.0,0.0,0.0,0.0,0.0,0.0,0.0,1.0,1.0,6.0,10.0,13.0,21.0,34.0,50.0,80.0,140.0,207.0,249.0,320.0,377.0,485.0
Missouri,US,38.4561,-92.2884,0.0,0.0,0.0,0.0,0.0,0.0,0.0,0.0,0.0,0.0,0.0,0.0,0.0,0.0,0.0,0.0,0.0,0.0,0.0,0.0,0.0,0.0,0.0,0.0,0.0,0.0,0.0,0.0,0.0,0.0,0.0,0.0,0.0,0.0,0.0,0.0,0.0,0.0,0.0,0.0,0.0,0.0,0.0,0.0,0.0,0.0,0.0,0.0,1.0,1.0,1.0,2.0,4.0,5.0,6.0,11.0,18.0,31.0,53.0,74.0,87.0,187.0,257.0,354.0,520.0
Montana,US,46.9219,-110.4544,0.0,0.0,0.0,0.0,0.0,0.0,0.0,0.0,0.0,0.0,0.0,0.0,0.0,0.0,0.0,0.0,0.0,0.0,0.0,0.0,0.0,0.0,0.0,0.0,0.0,0.0,0.0,0.0,0.0,0.0,0.0,0.0,0.0,0.0,0.0,0.0,0.0,0.0,0.0,0.0,0.0,0.0,0.0,0.0,0.0,0.0,0.0,0.0,0.0,1.0,1.0,1.0,5.0,7.0,7.0,9.0,11.0,11.0,15.0,21.0,34.0,34.0,51.0,65.0,90.0
Nebraska,US,41.1254,-98.2681,0.0,0.0,0.0,0.0,0.0,0.0,0.0,0.0,0.0,0.0,0.0,0.0,0.0,0.0,0.0,0.0,0.0,0.0,0.0,0.0,0.0,0.0,0.0,0.0,0.0,0.0,0.0,0.0,0.0,0.0,0.0,0.0,0.0,0.0,0.0,0.0,0.0,0.0,0.0,0.0,0.0,0.0,0.0,0.0,0.0,0.0,0.0,0.0,3.0,5.0,10.0,13.0,14.0,17.0,18.0,21.0,24.0,29.0,37.0,38.0,51.0,51.0,66.0,71.0,74.0
Nevada,US,38.3135,-117.0554,0.0,0.0,0.0,0.0,0.0,0.0,0.0,0.0,0.0,0.0,0.0,0.0,0.0,0.0,0.0,0.0,0.0,0.0,0.0,0.0,0.0,0.0,0.0,0.0,0.0,0.0,0.0,0.0,0.0,0.0,0.0,0.0,0.0,0.0,0.0,0.0,0.0,0.0,0.0,0.0,0.0,0.0,0.0,0.0,0.0,0.0,0.0,0.0,4.0,7.0,14.0,17.0,21.0,24.0,45.0,56.0,55.0,95.0,114.0,161.0,190.0,245.0,278.0,323.0,420.0
New Hampshire,US,43.4525,-71.5639,0.0,0.0,0.0,0.0,0.0,0.0,0.0,0.0,0.0,0.0,0.0,0.0,0.0,0.0,0.0,0.0,0.0,0.0,0.0,0.0,0.0,0.0,0.0,0.0,0.0,0.0,0.0,0.0,0.0,0.0,0.0,0.0,0.0,0.0,0.0,0.0,0.0,0.0,0.0,0.0,0.0,0.0,0.0,0.0,0.0,0.0,0.0,0.0,4.0,5.0,6.0,6.0,7.0,13.0,17.0,26.0,26.0,44.0,44.0,55.0,74.0,101.0,101.0,108.0,137.0
New Jersey,US,40.2989,-74.521,0.0,0.0,0.0,0.0,0.0,0.0,0.0,0.0,0.0,0.0,0.0,0.0,0.0,0.0,0.0,0.0,0.0,0.0,0.0,0.0,0.0,0.0,0.0,0.0,0.0,0.0,0.0,0.0,0.0,0.0,0.0,0.0,0.0,0.0,0.0,0.0,0.0,0.0,0.0,0.0,0.0,0.0,0.0,0.0,0.0,0.0,0.0,0.0,15.0,23.0,29.0,29.0,69.0,98.0,178.0,267.0,267.0,742.0,890.0,1327.0,1914.0,2844.0,3675.0,4402.0,6876.0
New Mexico,US,34.8405,-106.2485,0.0,0.0,0.0,0.0,0.0,0.0,0.0,0.0,0.0,0.0,0.0,0.0,0.0,0.0,0.0,0.0,0.0,0.0,0.0,0.0,0.0,0.0,0.0,0.0,0.0,0.0,0.0,0.0,0.0,0.0,0.0,0.0,0.0,0.0,0.0,0.0,0.0,0.0,0.0,0.0,0.0,0.0,0.0,0.0,0.0,0.0,0.0,0.0,0.0,3.0,5.0,10.0,10.0,13.0,17.0,23.0,23.0,35.0,43.0,43.0,57.0,83.0,100.0,113.0,113.0
New York,US,42.1657,-74.9481,0.0,0.0,0.0,0.0,0.0,0.0,0.0,0.0,0.0,0.0,0.0,0.0,0.0,0.0,0.0,0.0,0.0,0.0,0.0,0.0,0.0,0.0,0.0,0.0,0.0,0.0,0.0,0.0,0.0,0.0,0.0,0.0,0.0,0.0,0.0,0.0,0.0,0.0,0.0,0.0,0.0,0.0,0.0,0.0,0.0,0.0,0.0,0.0,173.0,220.0,328.0,421.0,525.0,732.0,967.0,1706.0,2495.0,5365.0,8310.0,11710.0,15800.0,20884.0,25681.0,30841.0,37877.0
North Carolina,US,35.6301,-79.8064,0.0,0.0,0.0,0.0,0.0,0.0,0.0,0.0,0.0,0.0,0.0,0.0,0.0,0.0,0.0,0.0,0.0,0.0,0.0,0.0,0.0,0.0,0.0,0.0,0.0,0.0,0.0,0.0,0.0,0.0,0.0,0.0,0.0,0.0,0.0,0.0,0.0,0.0,0.0,0.0,0.0,0.0,0.0,0.0,0.0,0.0,0.0,0.0,7.0,7.0,15.0,17.0,24.0,33.0,38.0,64.0,70.0,123.0,172.0,253.0,305.0,353.0,495.0,590.0,738.0
North Dakota,US,47.5289,-99.78399999999999,0.0,0.0,0.0,0.0,0.0,0.0,0.0,0.0,0.0,0.0,0.0,0.0,0.0,0.0,0.0,0.0,0.0,0.0,0.0,0.0,0.0,0.0,0.0,0.0,0.0,0.0,0.0,0.0,0.0,0.0,0.0,0.0,0.0,0.0,0.0,0.0,0.0,0.0,0.0,0.0,0.0,0.0,0.0,0.0,0.0,0.0,0.0,0.0,0.0,0.0,1.0,1.0,1.0,1.0,1.0,3.0,6.0,18.0,19.0,28.0,28.0,30.0,36.0,45.0,51.0
Ohio,US,40.3888,-82.7649,0.0,0.0,0.0,0.0,0.0,0.0,0.0,0.0,0.0,0.0,0.0,0.0,0.0,0.0,0.0,0.0,0.0,0.0,0.0,0.0,0.0,0.0,0.0,0.0,0.0,0.0,0.0,0.0,0.0,0.0,0.0,0.0,0.0,0.0,0.0,0.0,0.0,0.0,0.0,0.0,0.0,0.0,0.0,0.0,0.0,0.0,0.0,0.0,3.0,4.0,5.0,13.0,26.0,37.0,50.0,67.0,86.0,119.0,173.0,248.0,356.0,443.0,567.0,704.0,868.0
Oklahoma,US,35.5653,-96.9289,0.0,0.0,0.0,0.0,0.0,0.0,0.0,0.0,0.0,0.0,0.0,0.0,0.0,0.0,0.0,0.0,0.0,0.0,0.0,0.0,0.0,0.0,0.0,0.0,0.0,0.0,0.0,0.0,0.0,0.0,0.0,0.0,0.0,0.0,0.0,0.0,0.0,0.0,0.0,0.0,0.0,0.0,0.0,0.0,0.0,0.0,0.0,0.0,2.0,2.0,2.0,2.0,4.0,7.0,10.0,19.0,19.0,44.0,49.0,53.0,67.0,81.0,106.0,164.0,248.0
Oregon,US,44.572,-122.0709,0.0,0.0,0.0,0.0,0.0,0.0,0.0,0.0,0.0,0.0,0.0,0.0,0.0,0.0,0.0,0.0,0.0,0.0,0.0,0.0,0.0,0.0,0.0,0.0,0.0,0.0,0.0,0.0,0.0,0.0,0.0,0.0,0.0,0.0,0.0,0.0,0.0,0.0,0.0,0.0,0.0,0.0,0.0,0.0,0.0,0.0,0.0,0.0,15.0,19.0,24.0,30.0,32.0,36.0,39.0,66.0,68.0,88.0,114.0,114.0,161.0,191.0,210.0,266.0,316.0
Pennsylvania,US,40.5908,-77.2098,0.0,0.0,0.0,0.0,0.0,0.0,0.0,0.0,0.0,0.0,0.0,0.0,0.0,0.0,0.0,0.0,0.0,0.0,0.0,0.0,0.0,0.0,0.0,0.0,0.0,0.0,0.0,0.0,0.0,0.0,0.0,0.0,0.0,0.0,0.0,0.0,0.0,0.0,0.0,0.0,0.0,0.0,0.0,0.0,0.0,0.0,0.0,0.0,12.0,16.0,22.0,41.0,47.0,66.0,77.0,112.0,152.0,206.0,303.0,396.0,509.0,698.0,946.0,1260.0,1795.0
Rhode Island,US,41.6809,-71.5118,0.0,0.0,0.0,0.0,0.0,0.0,0.0,0.0,0.0,0.0,0.0,0.0,0.0,0.0,0.0,0.0,0.0,0.0,0.0,0.0,0.0,0.0,0.0,0.0,0.0,0.0,0.0,0.0,0.0,0.0,0.0,0.0,0.0,0.0,0.0,0.0,0.0,0.0,0.0,0.0,0.0,0.0,0.0,0.0,0.0,0.0,0.0,0.0,3.0,5.0,5.0,14.0,20.0,20.0,21.0,23.0,33.0,44.0,54.0,66.0,83.0,106.0,124.0,132.0,165.0
South Carolina,US,33.8569,-80.945,0.0,0.0,0.0,0.0,0.0,0.0,0.0,0.0,0.0,0.0,0.0,0.0,0.0,0.0,0.0,0.0,0.0,0.0,0.0,0.0,0.0,0.0,0.0,0.0,0.0,0.0,0.0,0.0,0.0,0.0,0.0,0.0,0.0,0.0,0.0,0.0,0.0,0.0,0.0,0.0,0.0,0.0,0.0,0.0,0.0,0.0,0.0,0.0,7.0,10.0,12.0,13.0,19.0,28.0,33.0,47.0,47.0,81.0,126.0,171.0,196.0,298.0,342.0,424.0,424.0
South Dakota,US,44.2998,-99.4388,0.0,0.0,0.0,0.0,0.0,0.0,0.0,0.0,0.0,0.0,0.0,0.0,0.0,0.0,0.0,0.0,0.0,0.0,0.0,0.0,0.0,0.0,0.0,0.0,0.0,0.0,0.0,0.0,0.0,0.0,0.0,0.0,0.0,0.0,0.0,0.0,0.0,0.0,0.0,0.0,0.0,0.0,0.0,0.0,0.0,0.0,0.0,0.0,0.0,8.0,8.0,8.0,9.0,9.0,10.0,11.0,11.0,11.0,14.0,14.0,21.0,28.0,30.0,41.0,46.0
Tennessee,US,35.7478,-86.6923,0.0,0.0,0.0,0.0,0.0,0.0,0.0,0.0,0.0,0.0,0.0,0.0,0.0,0.0,0.0,0.0,0.0,0.0,0.0,0.0,0.0,0.0,0.0,0.0,0.0,0.0,0.0,0.0,0.0,0.0,0.0,0.0,0.0,0.0,0.0,0.0,0.0,0.0,0.0,0.0,0.0,0.0,0.0,0.0,0.0,0.0,0.0,0.0,7.0,9.0,18.0,26.0,32.0,39.0,52.0,74.0,79.0,154.0,233.0,371.0,505.0,614.0,772.0,916.0,1097.0
Texas,US,31.0545,-97.5635,0.0,0.0,0.0,0.0,0.0,0.0,0.0,0.0,0.0,0.0,0.0,0.0,0.0,0.0,0.0,0.0,0.0,0.0,0.0,0.0,0.0,0.0,0.0,0.0,0.0,0.0,0.0,0.0,0.0,0.0,0.0,0.0,0.0,0.0,0.0,0.0,0.0,0.0,0.0,0.0,0.0,0.0,0.0,0.0,0.0,0.0,0.0,0.0,13.0,21.0,27.0,43.0,57.0,72.0,85.0,110.0,173.0,260.0,394.0,581.0,643.0,758.0,955.0,1229.0,1563.0
Utah,US,40.15,-111.8624,0.0,0.0,0.0,0.0,0.0,0.0,0.0,0.0,0.0,0.0,0.0,0.0,0.0,0.0,0.0,0.0,0.0,0.0,0.0,0.0,0.0,0.0,0.0,0.0,0.0,0.0,0.0,0.0,0.0,0.0,0.0,0.0,0.0,0.0,0.0,0.0,0.0,0.0,0.0,0.0,0.0,0.0,0.0,0.0,0.0,0.0,0.0,0.0,2.0,3.0,5.0,9.0,10.0,28.0,39.0,51.0,51.0,80.0,78.0,136.0,162.0,257.0,298.0,340.0,396.0
Vermont,US,44.0459,-72.7107,0.0,0.0,0.0,0.0,0.0,0.0,0.0,0.0,0.0,0.0,0.0,0.0,0.0,0.0,0.0,0.0,0.0,0.0,0.0,0.0,0.0,0.0,0.0,0.0,0.0,0.0,0.0,0.0,0.0,0.0,0.0,0.0,0.0,0.0,0.0,0.0,0.0,0.0,0.0,0.0,0.0,0.0,0.0,0.0,0.0,0.0,0.0,0.0,1.0,1.0,2.0,2.0,5.0,8.0,12.0,12.0,18.0,22.0,29.0,29.0,52.0,75.0,95.0,125.0,158.0
Virginia,US,37.7693,-78.17,0.0,0.0,0.0,0.0,0.0,0.0,0.0,0.0,0.0,0.0,0.0,0.0,0.0,0.0,0.0,0.0,0.0,0.0,0.0,0.0,0.0,0.0,0.0,0.0,0.0,0.0,0.0,0.0,0.0,0.0,0.0,0.0,0.0,0.0,0.0,0.0,0.0,0.0,0.0,0.0,0.0,0.0,0.0,0.0,0.0,0.0,0.0,0.0,7.0,9.0,17.0,30.0,41.0,45.0,49.0,67.0,77.0,99.0,122.0,156.0,220.0,254.0,293.0,396.0,466.0
Washington,US,47.4009,-121.4905,1.0,1.0,1.0,1.0,1.0,1.0,1.0,1.0,1.0,1.0,0.0,0.0,0.0,0.0,0.0,0.0,0.0,0.0,0.0,0.0,0.0,0.0,0.0,0.0,0.0,0.0,0.0,0.0,0.0,0.0,0.0,0.0,0.0,0.0,0.0,0.0,0.0,0.0,0.0,0.0,0.0,0.0,0.0,0.0,0.0,0.0,0.0,0.0,267.0,366.0,442.0,568.0,572.0,643.0,904.0,1076.0,1014.0,1376.0,1524.0,1793.0,1997.0,2221.0,2328.0,2591.0,3207.0
West Virginia,US,38.4912,-80.9545,0.0,0.0,0.0,0.0,0.0,0.0,0.0,0.0,0.0,0.0,0.0,0.0,0.0,0.0,0.0,0.0,0.0,0.0,0.0,0.0,0.0,0.0,0.0,0.0,0.0,0.0,0.0,0.0,0.0,0.0,0.0,0.0,0.0,0.0,0.0,0.0,0.0,0.0,0.0,0.0,0.0,0.0,0.0,0.0,0.0,0.0,0.0,0.0,0.0,0.0,0.0,0.0,0.0,0.0,0.0,1.0,1.0,2.0,7.0,8.0,16.0,16.0,22.0,39.0,52.0
Wisconsin,US,44.2685,-89.6165,0.0,0.0,0.0,0.0,0.0,0.0,0.0,0.0,0.0,0.0,0.0,0.0,0.0,0.0,0.0,0.0,0.0,0.0,0.0,0.0,0.0,0.0,0.0,0.0,0.0,0.0,0.0,0.0,0.0,0.0,0.0,0.0,0.0,0.0,0.0,0.0,0.0,0.0,0.0,0.0,0.0,0.0,0.0,0.0,0.0,0.0,0.0,0.0,3.0,6.0,8.0,19.0,27.0,32.0,47.0,72.0,92.0,159.0,207.0,282.0,381.0,425.0,481.0,621.0,728.0
Wyoming,US,42.756,-107.3025,0.0,0.0,0.0,0.0,0.0,0.0,0.0,0.0,0.0,0.0,0.0,0.0,0.0,0.0,0.0,0.0,0.0,0.0,0.0,0.0,0.0,0.0,0.0,0.0,0.0,0.0,0.0,0.0,0.0,0.0,0.0,0.0,0.0,0.0,0.0,0.0,0.0,0.0,0.0,0.0,0.0,0.0,0.0,0.0,0.0,0.0,0.0,0.0,0.0,0.0,1.0,1.0,2.0,3.0,3.0,11.0,15.0,18.0,19.0,23.0,26.0,26.0,29.0,44.0,53.0
